"type","route","country","product","h1","meta_title","meta_title_with_brand_len","meta_description","meta_description_len","primary_keyword","secondary_keywords"
"main-product","/products/ms-hollow-sections","UAE","MS Hollow Sections","MS Hollow Sections","MS Hollow Sections Supplier UAE | RHS & SHS","55","MS hollow sections for frames and fabrication, including RHS and SHS sections. Review section size, wall thickness and length for project RFQs.","143","MS Hollow Sections Supplier in UAE","MS Hollow Sections Supplier in UAE | MS Hollow Sections supplier UAE | RHS sections | SHS sections | mild steel hollow sections | RHS sections UAE | SHS sections UAE | mild steel hollow sections UAE"
"main-product","/products/ms-beams","UAE","MS Beams","MS Beams","MS Beams Supplier UAE | I & H Structural Beams","58","MS beams for structural frames and support work, including I beams and H beams. Compare beam size, grade, length and cutting requirements for RFQs.","147","MS Beams Supplier in UAE","MS Beams Supplier in UAE | MS Beams supplier UAE | I beams | H beams | structural steel beams | I beams UAE | H beams UAE | structural steel beams UAE"
"main-product","/products/ms-channels","UAE","MS Channels","MS Channels","MS Channels Supplier UAE | C & U Steel Channels","59","MS channels for bracing, support frames and fabrication, including C channels and U channels. Review size, thickness, length and quantity for RFQs.","147","MS Channels Supplier in UAE","MS Channels Supplier in UAE | MS Channels supplier UAE | C channels | U channels | mild steel channels | C channels UAE | U channels UAE | mild steel channels UAE"
"main-product","/products/ms-bars","UAE","MS Bars","MS Bars","MS Bars Supplier UAE | Round, Flat & Square Bars","60","MS bars for fabrication and engineering, including round bars, flat bars and square bars. Review size, grade, length and quantity for project RFQs.","147","MS Bars Supplier in UAE","MS Bars Supplier in UAE | MS Bars supplier UAE | round bars | flat bars | square bars | round bars UAE | flat bars UAE | square bars UAE"
"main-product","/products/ms-angles","UAE","MS Angles","MS Angles","MS Angles Supplier UAE | Equal & Unequal Angles","59","MS angles for frames, racks, bracing and fabrication. Compare equal and unequal steel angles by leg size, thickness, length and finish for RFQs.","144","MS Angles Supplier in UAE","MS Angles Supplier in UAE | MS Angles supplier UAE | equal angles | unequal angles | mild steel angles | equal angles UAE | unequal angles UAE | mild steel angles UAE"
"main-product","/products/hr-coils-ms","UAE","HR Coils - MS","HR Coils - MS","HR Coils Supplier UAE | Hot Rolled Steel Coil","57","HR coils for processing and fabrication. Review hot rolled steel coil thickness, width, grade, coil weight and tonnage for project RFQs.","136","HR Coils Supplier in UAE","HR Coils Supplier in UAE | HR Coils - MS supplier UAE | hot rolled steel coil | HR steel coil | mild steel coil | hot rolled steel coil UAE | HR steel coil UAE | mild steel coil UAE"
"main-product","/products/cr-coils-ms","UAE","CR Coils - MS","CR Coils - MS","CR Coils Supplier UAE | Cold Rolled Steel Coil","58","CR coils for forming and precision sheet applications. Compare cold rolled steel coil thickness, width, surface requirement and quantity for RFQs.","146","CR Coils Supplier in UAE","CR Coils Supplier in UAE | CR Coils - MS supplier UAE | cold rolled steel coil | CR steel coil | cold rolled sheet coil | cold rolled steel coil UAE | CR steel coil UAE | cold rolled sheet coil UAE"
"main-product","/products/ms-sheets","UAE","MS Sheets","MS Sheets","MS Sheets Supplier UAE | Mild Steel Sheets","54","MS sheets for fabrication, panels and general construction. Review mild steel sheet thickness, size, grade and cut-to-size requirements for RFQs.","145","MS Sheets Supplier in UAE","MS Sheets Supplier in UAE | MS Sheets supplier UAE | mild steel sheet | steel sheets | fabrication sheet | mild steel sheet UAE | steel sheets UAE | fabrication sheet UAE"
"main-product","/products/ms-plates","UAE","MS Plates","MS Plates","MS Plates Supplier UAE | Mild Steel Plates","54","MS plates for base plates, structural parts and heavy fabrication. Compare mild steel plate thickness, size, grade and cutting requirements.","140","MS Plates Supplier in UAE","MS Plates Supplier in UAE | MS Plates supplier UAE | mild steel plates | steel plate | structural plates | mild steel plates UAE | steel plate UAE | structural plates UAE"
"main-product","/products/mild-steel-gratings","UAE","Mild Steel Gratings","Mild Steel Gratings","Mild Steel Gratings Supplier UAE | Steel Grating","60","Mild steel gratings for walkways, platforms and drainage covers. Review steel grating panel size, load requirement, finish and quantity for RFQs.","145","Mild Steel Gratings Supplier in UAE","Mild Steel Gratings Supplier in UAE | Mild Steel Gratings supplier UAE | steel grating panels | walkway grating | industrial grating | steel grating panels UAE | walkway grating UAE | industrial grating UAE"
"main-product","/products/decking-sheets-ms","UAE","Decking Sheets (MS)","Decking Sheets (MS)","MS Decking Sheets Supplier UAE | Metal Deck","55","MS decking sheets for composite flooring and mezzanines. Compare metal deck profile, thickness, length and drawing requirements for project RFQs.","145","MS Decking Sheets Supplier in UAE","MS Decking Sheets Supplier in UAE | Decking Sheets (MS) supplier UAE | metal decking sheets | composite deck sheets | MS deck profile | metal decking sheets UAE | composite deck sheets UAE | MS deck profile UAE"
"main-product","/products/ms-shear-studs","UAE","MS Shear Studs","MS Shear Studs","MS Shear Studs Supplier UAE | Deck Shear Studs","58","MS shear studs for composite deck and structural connections. Review stud diameter, length, welding method and quantity before sending an RFQ.","142","MS Shear Studs Supplier in UAE","MS Shear Studs Supplier in UAE | MS Shear Studs supplier UAE | shear connectors | deck shear studs | stud welding | shear connectors UAE | deck shear studs UAE | stud welding UAE"
"main-product","/products/ss-coil","UAE","SS Coil","SS Coil","SS Coil Supplier UAE | Stainless Steel Coil","55","SS coils for fabrication, cladding and processing. Compare stainless steel coil grade, thickness, width, finish and coil quantity for RFQs.","139","SS Coil Supplier in UAE","SS Coil Supplier in UAE | SS Coil supplier UAE | stainless steel coil | SS coils | stainless coil | stainless steel coil UAE | SS coils UAE | stainless coil UAE"
"main-product","/products/ss-wire","UAE","SS Wire","SS Wire","SS Wire Supplier UAE | Stainless Steel Wire","55","SS wire for fabrication, mesh, tying and forming. Review stainless steel wire grade, diameter, finish, coil form and quantity for project RFQs.","143","SS Wire Supplier in UAE","SS Wire Supplier in UAE | SS Wire supplier UAE | stainless steel wire | SS wire coil | stainless wire | stainless steel wire UAE | SS wire coil UAE | stainless wire UAE"
"main-product","/products/ss-plain-sheet","UAE","SS Plain Sheet","SS Plain Sheet","SS Plain Sheet Supplier UAE | Stainless Sheet","57","SS plain sheets for fabrication, cladding and finishing. Compare stainless steel sheet grade, thickness, size and finish for project RFQs.","138","SS Plain Sheet Supplier in UAE","SS Plain Sheet Supplier in UAE | SS Plain Sheet supplier UAE | stainless steel sheet | SS sheet | stainless plain sheet | stainless steel sheet UAE | SS sheet UAE | stainless plain sheet UAE"
"main-product","/products/ss-slitted-coil","UAE","SS Slitted Coil","SS Slitted Coil","SS Slitted Coil Supplier UAE | Stainless Strips","59","SS slitted coils for strip processing and fabrication. Review stainless slit coil grade, strip width, thickness, finish and quantity for RFQs.","142","SS Slitted Coil Supplier in UAE","SS Slitted Coil Supplier in UAE | SS Slitted Coil supplier UAE | stainless slit coil | SS slit coil | stainless steel strips | stainless slit coil UAE | SS slit coil UAE | stainless steel strips UAE"
"main-product","/products/gi-coil","UAE","GI Coil","GI Coil","GI Coil Supplier in UAE | Galvanized Steel Coil","59","GI coil supplier in UAE for galvanized steel coils. Compare grade, thickness, width, zinc coating Z60–Z275, standards, documentation and delivery.","146","GI Coil Supplier in UAE","GI Coil Supplier in UAE | GI Coil supplier UAE | galvanized steel coil supplier UAE | galvanized steel coil UAE | hot dip galvanized steel coil | GI coil Z60 Z275 | ASTM A653 galvanized coil | GI coil specifications | hot dip galvanized steel coil UAE"
"main-product","/products/ppgi-coil","UAE","PPGI Coil","PPGI Coil","PPGI Coil Supplier UAE | Pre-Painted GI Coil","56","PPGI coils for roofing, cladding and coated fabrication. Compare pre-painted galvanized coil colour, coating, thickness, width and quantity.","140","PPGI Coil Supplier in UAE","PPGI Coil Supplier in UAE | PPGI Coil supplier UAE | pre-painted galvanized coil | colour coated steel coil | PPGI steel coil | pre-painted galvanized coil UAE | colour coated steel coil UAE | PPGI steel coil UAE"
"main-product","/products/aluzinc-coil","UAE","Aluzinc Coil","Aluzinc Coil","Aluzinc Coil Supplier UAE | Aluminium-Zinc Coil","59","Aluzinc coils for roofing, cladding and fabrication. Review aluminium-zinc coated coil thickness, width, coating requirement and quantity for RFQs.","147","Aluzinc Coil Supplier in UAE","Aluzinc Coil Supplier in UAE | Aluzinc Coil supplier UAE | aluminium-zinc coil | Aluzinc steel coil | AZ coated coil | aluminium-zinc coil UAE | Aluzinc steel coil UAE | AZ coated coil UAE"
"main-product","/products/pvdf-coils","UAE","PVDF Coils","PVDF Coils","PVDF Coils Supplier UAE | PVDF Coated Steel","55","PVDF coated coils for architectural cladding and premium colour-coated applications. Compare colour, coating system, thickness and width for RFQs.","146","PVDF Coils Supplier in UAE","PVDF Coils Supplier in UAE | PVDF Coils supplier UAE | PVDF coated coil | colour coated steel coil | architectural coated coil | PVDF coated coil UAE | colour coated steel coil UAE | architectural coated coil UAE"
"main-product","/products/gi-plain-sheet","UAE","GI Plain Sheet","GI Plain Sheet","GI Plain Sheet Supplier UAE | Galvanized Sheet","58","GI plain sheets for fabrication, ducting and cladding. Compare galvanized steel sheet thickness, size, zinc coating and quantity for RFQs.","138","GI Plain Sheet Supplier in UAE","GI Plain Sheet Supplier in UAE | GI Plain Sheet supplier UAE | galvanized steel sheet | GI sheet | zinc coated sheet | galvanized steel sheet UAE | GI sheet UAE | zinc coated sheet UAE"
"main-product","/products/gi-slitted-coils","UAE","GI Slitted Coils","GI Slitted Coils","GI Slitted Coils Supplier UAE | Galvanized Strips","61","GI slitted coils for strip processing and fabrication. Review galvanized strip width, thickness, zinc coating, coil weight and quantity for RFQs.","145","GI Slitted Coils Supplier in UAE","GI Slitted Coils Supplier in UAE | GI Slitted Coils supplier UAE | galvanized slit coils | GI steel strips | zinc coated strip | galvanized slit coils UAE | GI steel strips UAE | zinc coated strip UAE"
"main-product","/products/ppgi-slitted-coils","UAE","PPGI Slitted Coils","PPGI Slitted Coils","PPGI Slitted Coils Supplier UAE | Coated Strips","59","PPGI slitted coils for coloured strip processing and fabrication. Compare strip width, thickness, coating, colour and quantity for RFQs.","136","PPGI Slitted Coils Supplier in UAE","PPGI Slitted Coils Supplier in UAE | PPGI Slitted Coils supplier UAE | pre-painted slit coils | colour coated steel strips | PPGI strips | pre-painted slit coils UAE | colour coated steel strips UAE | PPGI strips UAE"
"main-product","/products/ppgi-plain-sheet","UAE","PPGI Plain Sheet","PPGI Plain Sheet","PPGI Plain Sheet Supplier UAE | Coated Steel Sheet","62","PPGI plain sheets for panels, cladding and fabrication. Compare pre-painted galvanized sheet colour, coating, thickness and sheet size for RFQs.","144","PPGI Plain Sheet Supplier in UAE","PPGI Plain Sheet Supplier in UAE | PPGI Plain Sheet supplier UAE | pre-painted galvanized sheet | colour coated steel sheet | PPGI sheet | pre-painted galvanized sheet UAE | colour coated steel sheet UAE | PPGI sheet UAE"
"main-product","/products/roof-insulated-panels","UAE","Roof Insulated Panels - GI/PPGI","Roof Insulated Panels - GI/PPGI","Roof Insulated Panels Supplier UAE | GI/PPGI Panels","63","Roof insulated panels with GI or PPGI skins for industrial roofing. Compare sandwich panel thickness, profile, insulation core and finish for RFQs.","147","Roof Insulated Panels Supplier in UAE","Roof Insulated Panels Supplier in UAE | Roof Insulated Panels - GI/PPGI supplier UAE | GI roof sandwich panels | PPGI insulated roof panels | sandwich roof panels | GI roof sandwich panels UAE | PPGI insulated roof panels UAE | sandwich roof panels UAE"
"main-product","/products/wall-insulated-panels","UAE","Wall Insulated Panels","Wall Insulated Panels","Wall Insulated Panels Supplier UAE | Sandwich Panels","64","Insulated wall panels for industrial cladding and enclosures. Compare sandwich wall panel thickness, insulation core, steel skin and finish for RFQs.","149","Wall Insulated Panels Supplier in UAE","Wall Insulated Panels Supplier in UAE | Wall Insulated Panels supplier UAE | sandwich wall panels | insulated steel wall panels | PPGI wall panels | sandwich wall panels UAE | insulated steel wall panels UAE | PPGI wall panels UAE"
"main-product","/products/corrugated-roofing-sheet","UAE","Corrugated Roofing Sheet","Corrugated Roofing Sheet","Corrugated Roofing Sheet Supplier UAE | GI Roofing","62","Corrugated roofing sheets for industrial and commercial roofs. Compare GI metal roofing sheet profile, thickness, coating, length and quantity for RFQs.","152","Corrugated Roofing Sheet Supplier in UAE","Corrugated Roofing Sheet Supplier in UAE | Corrugated Roofing Sheet supplier UAE | GI roofing sheets | galvanized corrugated sheets | metal roofing sheets | GI roofing sheets UAE | galvanized corrugated sheets UAE | metal roofing sheets UAE"
"main-product","/products/corrugated-wall-sheet","UAE","Corrugated Wall Sheet","Corrugated Wall Sheet","Corrugated Wall Sheet Supplier UAE | GI Cladding","60","Corrugated wall sheets for industrial cladding and enclosures. Compare GI wall cladding profile, thickness, coating, length and colour for RFQs.","144","Corrugated Wall Sheet Supplier in UAE","Corrugated Wall Sheet Supplier in UAE | Corrugated Wall Sheet supplier UAE | corrugated wall cladding | GI wall sheets | metal cladding sheets | corrugated wall cladding UAE | GI wall sheets UAE | metal cladding sheets UAE"
"main-product","/products/corrugated-fence-sheet-panel","UAE","Corrugated Fence Sheet / Panel","Corrugated Fence Sheet / Panel","Corrugated Fence Sheet Supplier UAE | GI Panels","59","Corrugated fence sheets for site hoarding and perimeter fencing. Compare GI fence panel profile, thickness, coating, length and colour for RFQs.","144","Corrugated Fence Sheet Supplier in UAE","Corrugated Fence Sheet Supplier in UAE | Corrugated Fence Sheet / Panel supplier UAE | GI fence panels | corrugated fencing sheets | temporary fence panels | GI fence panels UAE | corrugated fencing sheets UAE | temporary fence panels UAE"
"main-product","/products/corrugated-curve","UAE","Corrugated Curve","Corrugated Curve","Corrugated Curve Supplier UAE | Curved Roofing","58","Corrugated curved sheets for arched roofs and canopies. Review curved roofing sheet profile, radius, thickness, coating and length for project RFQs.","148","Corrugated Curve Supplier in UAE","Corrugated Curve Supplier in UAE | Corrugated Curve supplier UAE | curved roofing sheets | curved corrugated panels | arched roof sheets | curved roofing sheets UAE | curved corrugated panels UAE | arched roof sheets UAE"
"main-product","/products/corrugated-ridge","UAE","Corrugated Ridge","Corrugated Ridge","Corrugated Ridge Supplier UAE | Roof Ridge Caps","59","Corrugated ridge caps for closing metal roof apexes. Compare ridge profile, angle, thickness, coating, length and matching roofing sheet for RFQs.","146","Corrugated Ridge Supplier in UAE","Corrugated Ridge Supplier in UAE | Corrugated Ridge supplier UAE | roof ridge caps | corrugated ridge flashing | metal ridge cover | roof ridge caps UAE | corrugated ridge flashing UAE | metal ridge cover UAE"
"main-product","/products/gutter-and-flashing","UAE","Gutter and Flashing","Gutter and Flashing","Gutter and Flashing Supplier UAE | Roof Accessories","63","Roof gutters and GI flashing for roof edges, drainage and weatherproofing. Review profile, thickness, coating, dimensions and lengths for RFQs.","143","Gutter and Flashing Supplier in UAE","Gutter and Flashing Supplier in UAE | Gutter and Flashing supplier UAE | roof gutters | metal flashing | GI flashing | roof gutters UAE | metal flashing UAE | GI flashing UAE"
"main-product","/products/gi-decking-sheet","UAE","GI Decking Sheet - 45/150 and 75/305","GI Decking Sheet - 45/150 and 75/305","GI Decking Sheet Supplier UAE | 45/150 & 75/305","59","GI decking sheets in 45/150 and 75/305 profiles for composite slabs. Compare metal deck profile, thickness, length and coating for RFQs.","136","GI Decking Sheet Supplier in UAE","GI Decking Sheet Supplier in UAE | GI Decking Sheet - 45/150 and 75/305 supplier UAE | 45/150 decking sheet | 75/305 decking sheet | metal deck sheet | 45/150 decking sheet UAE | 75/305 decking sheet UAE | metal deck sheet UAE"
"main-product","/products/shear-studs","UAE","Shear Studs","Shear Studs","Shear Studs Supplier UAE | Deck Shear Connectors","60","Shear studs for composite slab and metal decking systems. Review headed stud diameter, length, welding method and quantity for project RFQs.","140","Shear Studs Supplier in UAE","Shear Studs Supplier in UAE | Shear Studs supplier UAE | shear connectors | deck shear studs | headed studs | shear connectors UAE | deck shear studs UAE | headed studs UAE"
"main-product","/products/c-purlins","UAE","C Purlins","C Purlins","C Purlins Supplier UAE | Galvanized C Purlins","57","C purlins for roof and wall support systems. Compare galvanized C purlin section depth, flange, lip, thickness, punching and finish for RFQs.","141","C Purlins Supplier in UAE","C Purlins Supplier in UAE | C Purlins supplier UAE | galvanized C purlins | C channel purlins | roof purlins | galvanized C purlins UAE | C channel purlins UAE | roof purlins UAE"
"main-product","/products/z-purlins","UAE","Z Purlins","Z Purlins","Z Purlins Supplier UAE | Galvanized Z Purlins","57","Z purlins for roof and wall support systems. Compare galvanized Z purlin section size, thickness, overlap, punching, length and finish for RFQs.","144","Z Purlins Supplier in UAE","Z Purlins Supplier in UAE | Z Purlins supplier UAE | galvanized Z purlins | Z section purlins | roof purlins | galvanized Z purlins UAE | Z section purlins UAE | roof purlins UAE"
"main-product","/products/drywall-partition-systems","UAE","Dry Wall Partition Systems","Dry Wall Partition Systems","Drywall Systems Supplier UAE | GI Stud & Track","58","Drywall partition systems with GI studs and tracks for interior framing. Compare profile size, gauge, length and accessories for project RFQs.","142","Drywall Partition Systems Supplier in UAE","Drywall Partition Systems Supplier in UAE | Dry Wall Partition Systems supplier UAE | GI studs and tracks | drywall metal framing | partition profiles | GI studs and tracks UAE | drywall metal framing UAE | partition profiles UAE"
"main-product","/products/strut-track","UAE","Strut & Track","Strut & Track","Strut & Track Supplier UAE | MEP Strut Channels","59","Strut channels and tracks for MEP support systems. Compare channel size, thickness, slot pattern, finish and accessory requirements for RFQs.","141","Strut & Track Supplier in UAE","Strut & Track Supplier in UAE | Strut & Track supplier UAE | strut channels | support channels | MEP strut systems | strut channels UAE | support channels UAE | MEP strut systems UAE"
"main-product","/products/gi-pipe","UAE","GI Pipe","GI Pipe","GI Pipe Supplier UAE | Galvanized Steel Pipe","56","GI pipes for construction, MEP and fabrication work. Compare galvanized steel pipe diameter, thickness, length, coating and quantity for RFQs.","142","GI Pipe Supplier in UAE","GI Pipe Supplier in UAE | GI Pipe supplier UAE | galvanized steel pipe | GI tubes | galvanized pipe | galvanized steel pipe UAE | GI tubes UAE | galvanized pipe UAE"
"main-product","/products/aluminium-coil","UAE","Aluminium Coil","Aluminium Coil","Aluminium Coil Supplier UAE | Aluminium Sheet Coil","62","Aluminium coils for roofing, cladding and fabrication. Compare aluminium coil alloy, temper, thickness, width, finish and quantity for project RFQs.","148","Aluminium Coil Supplier in UAE","Aluminium Coil Supplier in UAE | Aluminium Coil supplier UAE | aluminium coils | aluminium sheet coil | roofing aluminium coil | aluminium coils UAE | aluminium sheet coil UAE | roofing aluminium coil UAE"
"main-product","/products/aluminium-plain-sheet","UAE","Aluminium Plain Sheet","Aluminium Plain Sheet","Aluminium Plain Sheet Supplier UAE | Aluminium Sheet","64","Aluminium plain sheets for panels, cladding and fabrication. Compare aluminium sheet alloy, temper, thickness, size and finish for project RFQs.","144","Aluminium Plain Sheet Supplier in UAE","Aluminium Plain Sheet Supplier in UAE | Aluminium Plain Sheet supplier UAE | aluminium sheet | plain aluminium sheets | aluminium plate sheet | aluminium sheet UAE | plain aluminium sheets UAE | aluminium plate sheet UAE"
"main-product","/products/pre-painted-aluminium-coils","UAE","Pre-painted Aluminium Coils","Pre-painted Aluminium Coils","Pre-Painted Aluminium Coil Supplier UAE | Coated Coil","65","Pre-painted aluminium coils for cladding, panels and roofing accessories. Compare colour-coated coil alloy, thickness, width, paint finish and quantity.","152","Pre-painted Aluminium Coils Supplier in UAE","Pre-painted Aluminium Coils Supplier in UAE | Pre-painted Aluminium Coils supplier UAE | colour coated aluminium coil | prepainted aluminium coil | coated aluminium | colour coated aluminium coil UAE | prepainted aluminium coil UAE | coated aluminium UAE"
"main-product","/products/pfmb-psmr-aluminium-alloy-3003-h14-coils","UAE","PFMB/PSMR Aluminium Alloy 3003-H14 Coils","PFMB/PSMR Aluminium Alloy 3003-H14 Coils","PFMB/PSMR 3003-H14 Aluminium Coils UAE","50","3003-H14 aluminium coils with PFMB/PSMR coating for cladding and fabrication. Review alloy, temper, 75-micron coating, thickness and width for RFQs.","148","PFMB/PSMR Aluminium Alloy 3003-H14 Coils Supplier in UAE","PFMB/PSMR Aluminium Alloy 3003-H14 Coils Supplier in UAE | PFMB/PSMR Aluminium Alloy 3003-H14 Coils supplier UAE | 3003-H14 aluminium coil | PSMR 75 micron coating | coated aluminium coil | 3003-H14 aluminium coil UAE | PSMR 75 micron coating UAE | coated aluminium coil UAE"
"country-product","/countries/uae/products/ms-hollow-sections","UAE","MS Hollow Sections","MS Hollow Sections Supplier in UAE","MS Hollow Sections Supplier UAE | RHS & SHS","55","MS Hollow Sections supplier in UAE. Compare Section size, wall thickness, length, quantity, documents and delivery for project RFQs.","132","MS Hollow Sections supplier UAE","MS Hollow Sections UAE | RHS sections UAE | SHS sections UAE | mild steel hollow sections UAE | Mild Steel Products supplier UAE"
"country-product","/countries/uae/products/ms-beams","UAE","MS Beams","MS Beams Supplier in UAE","MS Beams Supplier UAE | I & H Structural Beams","58","MS Beams supplier in UAE. Compare Beam size, length, grade, quantity, documents and delivery for project RFQs.","110","MS Beams supplier UAE","MS Beams UAE | I beams UAE | H beams UAE | structural steel beams UAE | Mild Steel Products supplier UAE"
"country-product","/countries/uae/products/ms-channels","UAE","MS Channels","MS Channels Supplier in UAE","MS Channels Supplier UAE | C & U Steel Channels","59","MS Channels supplier in UAE. Compare Channel size, length, thickness/weight, quantity, documents and delivery for project RFQs.","127","MS Channels supplier UAE","MS Channels UAE | C channels UAE | U channels UAE | mild steel channels UAE | Mild Steel Products supplier UAE"
"country-product","/countries/uae/products/ms-bars","UAE","MS Bars","MS Bars Supplier in UAE","MS Bars Supplier UAE | Round, Flat & Square Bars","60","MS Bars supplier in UAE. Compare Bar type, size, length, quantity, documents and delivery for project RFQs.","107","MS Bars supplier UAE","MS Bars UAE | round bars UAE | flat bars UAE | square bars UAE | Mild Steel Products supplier UAE"
"country-product","/countries/uae/products/ms-angles","UAE","MS Angles","MS Angles Supplier in UAE","MS Angles Supplier UAE | Equal & Unequal Angles","59","MS Angles supplier in UAE. Compare Angle size, thickness, length, quantity, documents and delivery for project RFQs.","116","MS Angles supplier UAE","MS Angles UAE | equal angles UAE | unequal angles UAE | mild steel angles UAE | Mild Steel Products supplier UAE"
"country-product","/countries/uae/products/hr-coils-ms","UAE","HR Coils - MS","HR Coils - MS Supplier in UAE","HR Coils Supplier UAE | Hot Rolled Steel Coil","57","HR Coils - MS supplier in UAE. Compare Thickness, width, grade, quantity, documents and delivery for project RFQs.","114","HR Coils - MS supplier UAE","HR Coils - MS UAE | hot rolled steel coil UAE | HR steel coil UAE | mild steel coil UAE | Mild Steel Products supplier UAE"
"country-product","/countries/uae/products/cr-coils-ms","UAE","CR Coils - MS","CR Coils - MS Supplier in UAE","CR Coils Supplier UAE | Cold Rolled Steel Coil","58","CR Coils - MS supplier in UAE. Compare Thickness, width, surface requirement, quantity, documents and delivery for project RFQs.","128","CR Coils - MS supplier UAE","CR Coils - MS UAE | cold rolled steel coil UAE | CR steel coil UAE | cold rolled sheet coil UAE | Mild Steel Products supplier UAE"
"country-product","/countries/uae/products/ms-sheets","UAE","MS Sheets","MS Sheets Supplier in UAE","MS Sheets Supplier UAE | Mild Steel Sheets","54","MS Sheets supplier in UAE. Compare Thickness, sheet size, grade, quantity, documents and delivery for project RFQs.","115","MS Sheets supplier UAE","MS Sheets UAE | mild steel sheet UAE | steel sheets UAE | fabrication sheet UAE | Mild Steel Products supplier UAE"
"country-product","/countries/uae/products/ms-plates","UAE","MS Plates","MS Plates Supplier in UAE","MS Plates Supplier UAE | Mild Steel Plates","54","MS Plates supplier in UAE. Compare Thickness, plate size, grade, quantity, documents and delivery for project RFQs.","115","MS Plates supplier UAE","MS Plates UAE | mild steel plates UAE | steel plate UAE | structural plates UAE | Mild Steel Products supplier UAE"
"country-product","/countries/uae/products/mild-steel-gratings","UAE","Mild Steel Gratings","Mild Steel Gratings Supplier in UAE","Mild Steel Gratings Supplier UAE | Steel Grating","60","MS Gratings supplier in UAE. Compare Panel size, load requirement, finish, quantity, documents and delivery for project RFQs.","125","MS Gratings supplier UAE","Mild Steel Gratings UAE | steel grating panels UAE | walkway grating UAE | industrial grating UAE | Mild Steel Products supplier UAE"
"country-product","/countries/uae/products/decking-sheets-ms","UAE","Decking Sheets (MS)","Decking Sheets (MS) Supplier in UAE","MS Decking Sheets Supplier UAE | Metal Deck","55","Decking Sheets (MS) supplier in UAE. Compare Profile, thickness, length, quantity, documents and delivery for project RFQs.","123","Decking Sheets (MS) supplier UAE","Decking Sheets (MS) UAE | metal decking sheets UAE | composite deck sheets UAE | MS deck profile UAE | Mild Steel Products supplier UAE"
"country-product","/countries/uae/products/ms-shear-studs","UAE","MS Shear Studs","MS Shear Studs Supplier in UAE","MS Shear Studs Supplier UAE | Deck Shear Studs","58","MS Shear Studs supplier in UAE. Compare Stud diameter, height, profile and drawing reference, quantity, documents and delivery for project RFQs.","144","MS Shear Studs supplier UAE","MS Shear Studs UAE | shear connectors UAE | deck shear studs UAE | stud welding UAE | Mild Steel Products supplier UAE"
"country-product","/countries/uae/products/ss-coil","UAE","SS Coil","SS Coil Supplier in UAE","SS Coil Supplier UAE | Stainless Steel Coil","55","SS Coil supplier in UAE. Compare Grade, thickness, width, quantity, documents and delivery for project RFQs.","108","SS Coil supplier UAE","SS Coil UAE | stainless steel coil UAE | SS coils UAE | stainless coil UAE | Stainless Steel supplier UAE"
"country-product","/countries/uae/products/ss-wire","UAE","SS Wire","SS Wire Supplier in UAE","SS Wire Supplier UAE | Stainless Steel Wire","55","SS Wire supplier in UAE. Compare Wire diameter, grade, finish, quantity, documents and delivery for project RFQs.","113","SS Wire supplier UAE","SS Wire UAE | stainless steel wire UAE | SS wire coil UAE | stainless wire UAE | Stainless Steel supplier UAE"
"country-product","/countries/uae/products/ss-plain-sheet","UAE","SS Plain Sheet","SS Plain Sheet Supplier in UAE","SS Plain Sheet Supplier UAE | Stainless Sheet","57","SS Plain Sheet supplier in UAE. Compare Grade, thickness, finish, quantity, documents and delivery for project RFQs.","116","SS Plain Sheet supplier UAE","SS Plain Sheet UAE | stainless steel sheet UAE | SS sheet UAE | stainless plain sheet UAE | Stainless Steel supplier UAE"
"country-product","/countries/uae/products/ss-slitted-coil","UAE","SS Slitted Coil","SS Slitted Coil Supplier in UAE","SS Slitted Coil Supplier UAE | Stainless Strips","59","SS Slitted Coil supplier in UAE. Compare Grade, thickness, slit width, quantity, documents and delivery for project RFQs.","121","SS Slitted Coil supplier UAE","SS Slitted Coil UAE | stainless slit coil UAE | SS slit coil UAE | stainless steel strips UAE | Stainless Steel supplier UAE"
"country-product","/countries/uae/products/gi-coil","UAE","GI Coil","GI Coil Supplier in UAE","GI Coil Supplier in UAE | Galvanized Steel Coil","59","GI coil supplier in UAE for galvanized steel coil RFQs. Compare thickness, width, zinc coating Z60–Z275, grade, documents and UAE delivery.","139","GI coil supplier in UAE","galvanized steel coil UAE | hot dip galvanized steel coil UAE | GI coil Z60 Z275 UAE | ASTM A653 galvanized coil UAE | roofing GI coil UAE"
"country-product","/countries/uae/products/ppgi-coil","UAE","PPGI Coil","PPGI Coil Supplier in UAE","PPGI Coil Supplier UAE | Pre-Painted GI Coil","56","PPGI Coil supplier in UAE. Compare Colour/RAL, coating, thickness, quantity, documents and delivery for project RFQs.","117","PPGI Coil supplier UAE","PPGI Coil UAE | pre-painted galvanized coil UAE | colour coated steel coil UAE | PPGI steel coil UAE | Galvanized Steel supplier UAE"
"country-product","/countries/uae/products/aluzinc-coil","UAE","Aluzinc Coil","Aluzinc Coil Supplier in UAE","Aluzinc Coil Supplier UAE | Aluminium-Zinc Coil","59","Aluzinc Coil supplier in UAE. Compare Coating, thickness, width, quantity, documents and delivery for project RFQs.","115","Aluzinc Coil supplier UAE","Aluzinc Coil UAE | aluminium-zinc coil UAE | Aluzinc steel coil UAE | AZ coated coil UAE | Galvanized Steel supplier UAE"
"country-product","/countries/uae/products/pvdf-coils","UAE","PVDF Coils","PVDF Coils Supplier in UAE","PVDF Coils Supplier UAE | PVDF Coated Steel","55","PVDF Coils supplier in UAE. Compare PVDF coating, colour, thickness, quantity, documents and delivery for project RFQs.","119","PVDF Coils supplier UAE","PVDF Coils UAE | PVDF coated coil UAE | colour coated steel coil UAE | architectural coated coil UAE | Galvanized Steel supplier UAE"
"country-product","/countries/uae/products/gi-plain-sheet","UAE","GI Plain Sheet","GI Plain Sheet Supplier in UAE","GI Plain Sheet Supplier UAE | Galvanized Sheet","58","GI Plain Sheet supplier in UAE. Compare Thickness, sheet size, coating, quantity, documents and delivery for project RFQs.","122","GI Plain Sheet supplier UAE","GI Plain Sheet UAE | galvanized steel sheet UAE | GI sheet UAE | zinc coated sheet UAE | Galvanized Steel supplier UAE"
"country-product","/countries/uae/products/gi-slitted-coils","UAE","GI Slitted Coils","GI Slitted Coils Supplier in UAE","GI Slitted Coils Supplier UAE | Galvanized Strips","61","GI Slitted Coils supplier in UAE. Compare Thickness, slit width, coating GSM, quantity, documents and delivery for project RFQs.","128","GI Slitted Coils supplier UAE","GI Slitted Coils UAE | galvanized slit coils UAE | GI steel strips UAE | zinc coated strip UAE | Galvanized Steel supplier UAE"
"country-product","/countries/uae/products/ppgi-slitted-coils","UAE","PPGI Slitted Coils","PPGI Slitted Coils Supplier in UAE","PPGI Slitted Coils Supplier UAE | Coated Strips","59","PPGI Slitted Coils supplier in UAE. Compare Colour/RAL, coating, slit width, quantity, documents and delivery for project RFQs.","127","PPGI Slitted Coils supplier UAE","PPGI Slitted Coils UAE | pre-painted slit coils UAE | colour coated steel strips UAE | PPGI strips UAE | Galvanized Steel supplier UAE"
"country-product","/countries/uae/products/ppgi-plain-sheet","UAE","PPGI Plain Sheet","PPGI Plain Sheet Supplier in UAE","PPGI Plain Sheet Supplier UAE | Coated Steel Sheet","62","PPGI Plain Sheet supplier in UAE. Compare Colour/RAL, thickness, sheet size, quantity, documents and delivery for project RFQs.","127","PPGI Plain Sheet supplier UAE","PPGI Plain Sheet UAE | pre-painted galvanized sheet UAE | colour coated steel sheet UAE | PPGI sheet UAE | Galvanized Steel supplier UAE"
"country-product","/countries/uae/products/roof-insulated-panels","UAE","Roof Insulated Panels - GI/PPGI","Roof Insulated Panels - GI/PPGI Supplier in UAE","Roof Insulated Panels Supplier UAE | GI/PPGI Panels","63","Roof Insulated Panels supplier in UAE. Compare Panel thickness, skin material, colour, quantity, documents and delivery for project RFQs.","137","Roof Insulated Panels supplier UAE","Roof Insulated Panels - GI/PPGI UAE | GI roof sandwich panels UAE | PPGI insulated roof panels UAE | sandwich roof panels UAE | Galvanized Steel supplier UAE"
"country-product","/countries/uae/products/wall-insulated-panels","UAE","Wall Insulated Panels","Wall Insulated Panels Supplier in UAE","Wall Insulated Panels Supplier UAE | Sandwich Panels","64","Wall Insulated Panels supplier in UAE. Compare Panel thickness, skin finish, colour, quantity, documents and delivery for project RFQs.","135","Wall Insulated Panels supplier UAE","Wall Insulated Panels UAE | sandwich wall panels UAE | insulated steel wall panels UAE | PPGI wall panels UAE | Galvanized Steel supplier UAE"
"country-product","/countries/uae/products/corrugated-roofing-sheet","UAE","Corrugated Roofing Sheet","Corrugated Roofing Sheet Supplier in UAE","Corrugated Roofing Sheet Supplier UAE | GI Roofing","62","Corrugated Roofing Sheet supplier in UAE. Compare Profile, thickness, coating, quantity, documents and delivery for project RFQs.","129","Corrugated Roofing Sheet supplier UAE","Corrugated Roofing Sheet UAE | GI roofing sheets UAE | galvanized corrugated sheets UAE | metal roofing sheets UAE | Galvanized Steel supplier UAE"
"country-product","/countries/uae/products/corrugated-wall-sheet","UAE","Corrugated Wall Sheet","Corrugated Wall Sheet Supplier in UAE","Corrugated Wall Sheet Supplier UAE | GI Cladding","60","Corrugated Wall Sheet supplier in UAE. Compare Profile, thickness, coating, quantity, documents and delivery for project RFQs.","126","Corrugated Wall Sheet supplier UAE","Corrugated Wall Sheet UAE | corrugated wall cladding UAE | GI wall sheets UAE | metal cladding sheets UAE | Galvanized Steel supplier UAE"
"country-product","/countries/uae/products/corrugated-fence-sheet-panel","UAE","Corrugated Fence Sheet / Panel","Corrugated Fence Sheet / Panel Supplier in UAE","Corrugated Fence Sheet Supplier UAE | GI Panels","59","Corrugated Fence Panels supplier in UAE. Compare Sheet height, profile, thickness, quantity, documents and delivery for project RFQs.","133","Corrugated Fence Panels supplier UAE","Corrugated Fence Sheet / Panel UAE | GI fence panels UAE | corrugated fencing sheets UAE | temporary fence panels UAE | Galvanized Steel supplier UAE"
"country-product","/countries/uae/products/corrugated-curve","UAE","Corrugated Curve","Corrugated Curve Supplier in UAE","Corrugated Curve Supplier UAE | Curved Roofing","58","Corrugated Curve supplier in UAE. Compare Profile, radius, thickness, quantity, documents and delivery for project RFQs.","120","Corrugated Curve supplier UAE","Corrugated Curve UAE | curved roofing sheets UAE | curved corrugated panels UAE | arched roof sheets UAE | Galvanized Steel supplier UAE"
"country-product","/countries/uae/products/corrugated-ridge","UAE","Corrugated Ridge","Corrugated Ridge Supplier in UAE","Corrugated Ridge Supplier UAE | Roof Ridge Caps","59","Corrugated Ridge supplier in UAE. Compare Profile match, angle, colour, quantity, documents and delivery for project RFQs.","122","Corrugated Ridge supplier UAE","Corrugated Ridge UAE | roof ridge caps UAE | corrugated ridge flashing UAE | metal ridge cover UAE | Galvanized Steel supplier UAE"
"country-product","/countries/uae/products/gutter-and-flashing","UAE","Gutter and Flashing","Gutter and Flashing Supplier in UAE","Gutter and Flashing Supplier UAE | Roof Accessories","63","Gutter and Flashing supplier in UAE. Compare Profile drawing, thickness, colour, quantity, documents and delivery for project RFQs.","131","Gutter and Flashing supplier UAE","Gutter and Flashing UAE | roof gutters UAE | metal flashing UAE | GI flashing UAE | Galvanized Steel supplier UAE"
"country-product","/countries/uae/products/gi-decking-sheet","UAE","GI Decking Sheet - 45/150 and 75/305","GI Decking Sheet - 45/150 and 75/305 Supplier in UAE","GI Decking Sheet Supplier UAE | 45/150 & 75/305","59","GI Decking Sheet - 45/150 and 75/305 supplier in UAE. Compare Profile, thickness, length, quantity, documents and delivery for project RFQs.","140","GI Decking Sheet - 45/150 and 75/305 supplier UAE","GI Decking Sheet - 45/150 and 75/305 UAE | 45/150 decking sheet UAE | 75/305 decking sheet UAE | metal deck sheet UAE | Galvanized Steel supplier UAE"
"country-product","/countries/uae/products/shear-studs","UAE","Shear Studs","Shear Studs Supplier in UAE","Shear Studs Supplier UAE | Deck Shear Connectors","60","Shear Studs supplier in UAE. Compare Stud diameter, height, deck profile and drawing reference, quantity, documents and delivery for project RFQs.","146","Shear Studs supplier UAE","Shear Studs UAE | shear connectors UAE | deck shear studs UAE | headed studs UAE | Galvanized Steel supplier UAE"
"country-product","/countries/uae/products/c-purlins","UAE","C Purlins","C Purlins Supplier in UAE","C Purlins Supplier UAE | Galvanized C Purlins","57","C Purlins supplier in UAE. Compare Section size, thickness, length, quantity, documents and delivery for project RFQs.","118","C Purlins supplier UAE","C Purlins UAE | galvanized C purlins UAE | C channel purlins UAE | roof purlins UAE | Galvanized Steel supplier UAE"
"country-product","/countries/uae/products/z-purlins","UAE","Z Purlins","Z Purlins Supplier in UAE","Z Purlins Supplier UAE | Galvanized Z Purlins","57","Z Purlins supplier in UAE. Compare Section size, thickness, length, quantity, documents and delivery for project RFQs.","118","Z Purlins supplier UAE","Z Purlins UAE | galvanized Z purlins UAE | Z section purlins UAE | roof purlins UAE | Galvanized Steel supplier UAE"
"country-product","/countries/uae/products/drywall-partition-systems","UAE","Dry Wall Partition Systems","Dry Wall Partition Systems Supplier in UAE","Drywall Systems Supplier UAE | GI Stud & Track","58","Drywall Systems supplier in UAE. Compare Gauge, profile, quantity, documents and delivery for project RFQs.","107","Drywall Systems supplier UAE","Dry Wall Partition Systems UAE | GI studs and tracks UAE | drywall metal framing UAE | partition profiles UAE | Galvanized Steel supplier UAE"
"country-product","/countries/uae/products/strut-track","UAE","Strut & Track","Strut & Track Supplier in UAE","Strut & Track Supplier UAE | MEP Strut Channels","59","Strut & Track supplier in UAE. Compare Channel size, finish, length, quantity, documents and delivery for project RFQs.","119","Strut & Track supplier UAE","Strut & Track UAE | strut channels UAE | support channels UAE | MEP strut systems UAE | Galvanized Steel supplier UAE"
"country-product","/countries/uae/products/gi-pipe","UAE","GI Pipe","GI Pipe Supplier in UAE","GI Pipe Supplier UAE | Galvanized Steel Pipe","56","GI Pipe supplier in UAE. Compare Diameter, wall thickness, length, quantity, documents and delivery for project RFQs.","117","GI Pipe supplier UAE","GI Pipe UAE | galvanized steel pipe UAE | GI tubes UAE | galvanized pipe UAE | Galvanized Steel supplier UAE"
"country-product","/countries/uae/products/aluminium-coil","UAE","Aluminium Coil","Aluminium Coil Supplier in UAE","Aluminium Coil Supplier UAE | Aluminium Sheet Coil","62","Aluminium Coil supplier in UAE. Compare Alloy, thickness, width, quantity, documents and delivery for project RFQs.","115","Aluminium Coil supplier UAE","Aluminium Coil UAE | aluminium coils UAE | aluminium sheet coil UAE | roofing aluminium coil UAE | Aluminium supplier UAE"
"country-product","/countries/uae/products/aluminium-plain-sheet","UAE","Aluminium Plain Sheet","Aluminium Plain Sheet Supplier in UAE","Aluminium Plain Sheet Supplier UAE | Aluminium Sheet","64","Aluminium Plain Sheet supplier in UAE. Compare Alloy, thickness, sheet size, quantity, documents and delivery for project RFQs.","127","Aluminium Plain Sheet supplier UAE","Aluminium Plain Sheet UAE | aluminium sheet UAE | plain aluminium sheets UAE | aluminium plate sheet UAE | Aluminium supplier UAE"
"country-product","/countries/uae/products/pre-painted-aluminium-coils","UAE","Pre-painted Aluminium Coils","Pre-painted Aluminium Coils Supplier in UAE","Pre-Painted Aluminium Coil Supplier UAE | Coated Coil","65","Pre-Painted Aluminium Coil supplier in UAE. Compare Colour/RAL, alloy, thickness, quantity, documents and delivery for project RFQs.","132","Pre-Painted Aluminium Coil supplier UAE","Pre-painted Aluminium Coils UAE | colour coated aluminium coil UAE | prepainted aluminium coil UAE | coated aluminium UAE | Aluminium supplier UAE"
"country-product","/countries/uae/products/pfmb-psmr-aluminium-alloy-3003-h14-coils","UAE","PFMB/PSMR Aluminium Alloy 3003-H14 Coils","PFMB/PSMR Aluminium Alloy 3003-H14 Coils Supplier in UAE","PFMB/PSMR 3003-H14 Aluminium Coils UAE","50","PFMB/PSMR 3003-H14 Aluminium Coils supplier in UAE. Compare Alloy, coating type, micron, quantity, documents and delivery for project RFQs.","139","PFMB/PSMR 3003-H14 Aluminium Coils supplier UAE","PFMB/PSMR Aluminium Alloy 3003-H14 Coils UAE | 3003-H14 aluminium coil UAE | PSMR 75 micron coating UAE | coated aluminium coil UAE | Aluminium supplier UAE"
"country-product","/countries/bahrain/products/ms-hollow-sections","Bahrain","MS Hollow Sections","MS Hollow Sections Supplier for Bahrain Projects","MS Hollow Sections Supplier Bahrain | RHS & SHS","59","MS Hollow Sections supply for Bahrain projects. Specify Section size, wall thickness, length, quantity, packing, documents and delivery location.","145","MS Hollow Sections supplier Bahrain","MS Hollow Sections Bahrain | RHS sections Bahrain | SHS sections Bahrain | mild steel hollow sections Bahrain | Mild Steel Products supplier Bahrain"
"country-product","/countries/bahrain/products/ms-beams","Bahrain","MS Beams","MS Beams Supplier for Bahrain Projects","MS Beams Supplier Bahrain | I & H Structural Beams","62","MS Beams supply for Bahrain projects. Specify Beam size, length, grade, quantity, packing, documents and delivery location.","123","MS Beams supplier Bahrain","MS Beams Bahrain | I beams Bahrain | H beams Bahrain | structural steel beams Bahrain | Mild Steel Products supplier Bahrain"
"country-product","/countries/bahrain/products/ms-channels","Bahrain","MS Channels","MS Channels Supplier for Bahrain Projects","MS Channels Supplier Bahrain | C & U Steel Channels","63","MS Channels supply for Bahrain projects. Specify Channel size, length, thickness/weight, quantity, packing, documents and delivery location.","140","MS Channels supplier Bahrain","MS Channels Bahrain | C channels Bahrain | U channels Bahrain | mild steel channels Bahrain | Mild Steel Products supplier Bahrain"
"country-product","/countries/bahrain/products/ms-bars","Bahrain","MS Bars","MS Bars Supplier for Bahrain Projects","MS Bars Supplier Bahrain | Round, Flat & Square Bars","64","MS Bars supply for Bahrain projects. Specify Bar type, size, length, quantity, packing, documents and delivery location.","120","MS Bars supplier Bahrain","MS Bars Bahrain | round bars Bahrain | flat bars Bahrain | square bars Bahrain | Mild Steel Products supplier Bahrain"
"country-product","/countries/bahrain/products/ms-angles","Bahrain","MS Angles","MS Angles Supplier for Bahrain Projects","MS Angles Supplier Bahrain | Equal & Unequal Angles","63","MS Angles supply for Bahrain projects. Specify Angle size, thickness, length, quantity, packing, documents and delivery location.","129","MS Angles supplier Bahrain","MS Angles Bahrain | equal angles Bahrain | unequal angles Bahrain | mild steel angles Bahrain | Mild Steel Products supplier Bahrain"
"country-product","/countries/bahrain/products/hr-coils-ms","Bahrain","HR Coils - MS","HR Coils - MS Supplier for Bahrain Projects","HR Coils - MS Supplier Bahrain","42","HR Coils - MS supply for Bahrain projects. Specify Thickness, width, grade, quantity, packing, documents and delivery location.","127","HR Coils - MS supplier Bahrain","HR Coils - MS Bahrain | hot rolled steel coil Bahrain | HR steel coil Bahrain | mild steel coil Bahrain | Mild Steel Products supplier Bahrain"
"country-product","/countries/bahrain/products/cr-coils-ms","Bahrain","CR Coils - MS","CR Coils - MS Supplier for Bahrain Projects","CR Coils - MS Supplier Bahrain","42","CR Coils - MS supply for Bahrain projects. Specify Thickness, width, surface requirement, quantity, packing, documents and delivery location.","141","CR Coils - MS supplier Bahrain","CR Coils - MS Bahrain | cold rolled steel coil Bahrain | CR steel coil Bahrain | cold rolled sheet coil Bahrain | Mild Steel Products supplier Bahrain"
"country-product","/countries/bahrain/products/ms-sheets","Bahrain","MS Sheets","MS Sheets Supplier for Bahrain Projects","MS Sheets Supplier Bahrain | Mild Steel Sheets","58","MS Sheets supply for Bahrain projects. Specify Thickness, sheet size, grade, quantity, packing, documents and delivery location.","128","MS Sheets supplier Bahrain","MS Sheets Bahrain | mild steel sheet Bahrain | steel sheets Bahrain | fabrication sheet Bahrain | Mild Steel Products supplier Bahrain"
"country-product","/countries/bahrain/products/ms-plates","Bahrain","MS Plates","MS Plates Supplier for Bahrain Projects","MS Plates Supplier Bahrain | Mild Steel Plates","58","MS Plates supply for Bahrain projects. Specify Thickness, plate size, grade, quantity, packing, documents and delivery location.","128","MS Plates supplier Bahrain","MS Plates Bahrain | mild steel plates Bahrain | steel plate Bahrain | structural plates Bahrain | Mild Steel Products supplier Bahrain"
"country-product","/countries/bahrain/products/mild-steel-gratings","Bahrain","Mild Steel Gratings","Mild Steel Gratings Supplier for Bahrain Projects","MS Gratings Supplier Bahrain | Steel Grating","56","MS Gratings supply for Bahrain projects. Specify Panel size, load requirement, finish, quantity, packing, documents and delivery location.","138","MS Gratings supplier Bahrain","Mild Steel Gratings Bahrain | steel grating panels Bahrain | walkway grating Bahrain | industrial grating Bahrain | Mild Steel Products supplier Bahrain"
"country-product","/countries/bahrain/products/decking-sheets-ms","Bahrain","Decking Sheets (MS)","Decking Sheets (MS) Supplier for Bahrain Projects","Decking Sheets (MS) Supplier Bahrain | Metal Deck","61","Decking Sheets (MS) supply for Bahrain projects. Specify Profile, thickness, length, quantity, packing, documents and delivery location.","136","Decking Sheets (MS) supplier Bahrain","Decking Sheets (MS) Bahrain | metal decking sheets Bahrain | composite deck sheets Bahrain | MS deck profile Bahrain | Mild Steel Products supplier Bahrain"
"country-product","/countries/bahrain/products/ms-shear-studs","Bahrain","MS Shear Studs","MS Shear Studs Supplier for Bahrain Projects","MS Shear Studs Supplier Bahrain | Deck Shear Studs","62","MS Shear Studs supply for Bahrain projects. Specify Stud diameter, height, profile and drawing reference, quantity, packing, documents and delivery.","148","MS Shear Studs supplier Bahrain","MS Shear Studs Bahrain | shear connectors Bahrain | deck shear studs Bahrain | stud welding Bahrain | Mild Steel Products supplier Bahrain"
"country-product","/countries/bahrain/products/ss-coil","Bahrain","SS Coil","SS Coil Supplier for Bahrain Projects","SS Coil Supplier Bahrain | Stainless Steel Coil","59","SS Coil supply for Bahrain projects. Specify Grade, thickness, width, quantity, packing, documents and delivery location.","121","SS Coil supplier Bahrain","SS Coil Bahrain | stainless steel coil Bahrain | SS coils Bahrain | stainless coil Bahrain | Stainless Steel supplier Bahrain"
"country-product","/countries/bahrain/products/ss-wire","Bahrain","SS Wire","SS Wire Supplier for Bahrain Projects","SS Wire Supplier Bahrain | Stainless Steel Wire","59","SS Wire supply for Bahrain projects. Specify Wire diameter, grade, finish, quantity, packing, documents and delivery location.","126","SS Wire supplier Bahrain","SS Wire Bahrain | stainless steel wire Bahrain | SS wire coil Bahrain | stainless wire Bahrain | Stainless Steel supplier Bahrain"
"country-product","/countries/bahrain/products/ss-plain-sheet","Bahrain","SS Plain Sheet","SS Plain Sheet Supplier for Bahrain Projects","SS Plain Sheet Supplier Bahrain | Stainless Sheet","61","SS Plain Sheet supply for Bahrain projects. Specify Grade, thickness, finish, quantity, packing, documents and delivery location.","129","SS Plain Sheet supplier Bahrain","SS Plain Sheet Bahrain | stainless steel sheet Bahrain | SS sheet Bahrain | stainless plain sheet Bahrain | Stainless Steel supplier Bahrain"
"country-product","/countries/bahrain/products/ss-slitted-coil","Bahrain","SS Slitted Coil","SS Slitted Coil Supplier for Bahrain Projects","SS Slitted Coil Supplier Bahrain | Stainless Strips","63","SS Slitted Coil supply for Bahrain projects. Specify Grade, thickness, slit width, quantity, packing, documents and delivery location.","134","SS Slitted Coil supplier Bahrain","SS Slitted Coil Bahrain | stainless slit coil Bahrain | SS slit coil Bahrain | stainless steel strips Bahrain | Stainless Steel supplier Bahrain"
"country-product","/countries/bahrain/products/gi-coil","Bahrain","GI Coil","Galvanized Steel Coil Supplier for Bahrain","Galvanized Steel Coil Supplier Bahrain | GI Coil","60","Galvanized steel coil and GI coil supply for Bahrain RFQs. Specify thickness, width, zinc coating, grade, packing, documents and delivery location.","147","galvanized steel coil supplier Bahrain","GI coil Bahrain | zinc coated steel coil Bahrain | GI coil for roofing Bahrain | galvanized coil Bahrain RFQ"
"country-product","/countries/bahrain/products/ppgi-coil","Bahrain","PPGI Coil","PPGI Coil Supplier for Bahrain Projects","PPGI Coil Supplier Bahrain | Pre-Painted GI Coil","60","PPGI Coil supply for Bahrain projects. Specify Colour/RAL, coating, thickness, quantity, packing, documents and delivery location.","130","PPGI Coil supplier Bahrain","PPGI Coil Bahrain | pre-painted galvanized coil Bahrain | colour coated steel coil Bahrain | PPGI steel coil Bahrain | Galvanized Steel supplier Bahrain"
"country-product","/countries/bahrain/products/aluzinc-coil","Bahrain","Aluzinc Coil","Aluzinc Coil Supplier for Bahrain Projects","Aluzinc Coil Supplier Bahrain | Aluminium-Zinc Coil","63","Aluzinc Coil supply for Bahrain projects. Specify Coating, thickness, width, quantity, packing, documents and delivery location.","128","Aluzinc Coil supplier Bahrain","Aluzinc Coil Bahrain | aluminium-zinc coil Bahrain | Aluzinc steel coil Bahrain | AZ coated coil Bahrain | Galvanized Steel supplier Bahrain"
"country-product","/countries/bahrain/products/pvdf-coils","Bahrain","PVDF Coils","PVDF Coils Supplier for Bahrain Projects","PVDF Coils Supplier Bahrain | PVDF Coated Steel","59","PVDF Coils supply for Bahrain projects. Specify PVDF coating, colour, thickness, quantity, packing, documents and delivery location.","132","PVDF Coils supplier Bahrain","PVDF Coils Bahrain | PVDF coated coil Bahrain | colour coated steel coil Bahrain | architectural coated coil Bahrain | Galvanized Steel supplier Bahrain"
"country-product","/countries/bahrain/products/gi-plain-sheet","Bahrain","GI Plain Sheet","GI Plain Sheet Supplier for Bahrain Projects","GI Plain Sheet Supplier Bahrain | Galvanized Sheet","62","GI Plain Sheet supply for Bahrain projects. Specify Thickness, sheet size, coating, quantity, packing, documents and delivery location.","135","GI Plain Sheet supplier Bahrain","GI Plain Sheet Bahrain | galvanized steel sheet Bahrain | GI sheet Bahrain | zinc coated sheet Bahrain | Galvanized Steel supplier Bahrain"
"country-product","/countries/bahrain/products/gi-slitted-coils","Bahrain","GI Slitted Coils","GI Slitted Coils Supplier for Bahrain Projects","GI Slitted Coils Supplier Bahrain | Galvanized Strips","65","GI Slitted Coils supply for Bahrain projects. Specify Thickness, slit width, coating GSM, quantity, packing, documents and delivery location.","141","GI Slitted Coils supplier Bahrain","GI Slitted Coils Bahrain | galvanized slit coils Bahrain | GI steel strips Bahrain | zinc coated strip Bahrain | Galvanized Steel supplier Bahrain"
"country-product","/countries/bahrain/products/ppgi-slitted-coils","Bahrain","PPGI Slitted Coils","PPGI Slitted Coils Supplier for Bahrain Projects","PPGI Slitted Coils Supplier Bahrain | Coated Strips","63","PPGI Slitted Coils supply for Bahrain projects. Specify Colour/RAL, coating, slit width, quantity, packing, documents and delivery location.","140","PPGI Slitted Coils supplier Bahrain","PPGI Slitted Coils Bahrain | pre-painted slit coils Bahrain | colour coated steel strips Bahrain | PPGI strips Bahrain | Galvanized Steel supplier Bahrain"
"country-product","/countries/bahrain/products/ppgi-plain-sheet","Bahrain","PPGI Plain Sheet","PPGI Plain Sheet Supplier for Bahrain Projects","PPGI Plain Sheet Supplier Bahrain","45","PPGI Plain Sheet supply for Bahrain projects. Specify Colour/RAL, thickness, sheet size, quantity, packing, documents and delivery location.","140","PPGI Plain Sheet supplier Bahrain","PPGI Plain Sheet Bahrain | pre-painted galvanized sheet Bahrain | colour coated steel sheet Bahrain | PPGI sheet Bahrain | Galvanized Steel supplier Bahrain"
"country-product","/countries/bahrain/products/roof-insulated-panels","Bahrain","Roof Insulated Panels - GI/PPGI","Roof Insulated Panels - GI/PPGI Supplier for Bahrain Projects","Roof Insulated Panels Supplier Bahrain","50","Roof Insulated Panels supply for Bahrain projects. Specify Panel thickness, skin material, colour, quantity, packing, documents and delivery location.","150","Roof Insulated Panels supplier Bahrain","Roof Insulated Panels - GI/PPGI Bahrain | GI roof sandwich panels Bahrain | PPGI insulated roof panels Bahrain | sandwich roof panels Bahrain | Galvanized Steel supplier Bahrain"
"country-product","/countries/bahrain/products/wall-insulated-panels","Bahrain","Wall Insulated Panels","Wall Insulated Panels Supplier for Bahrain Projects","Wall Insulated Panels Supplier Bahrain","50","Wall Insulated Panels supply for Bahrain projects. Specify Panel thickness, skin finish, colour, quantity, packing, documents and delivery location.","148","Wall Insulated Panels supplier Bahrain","Wall Insulated Panels Bahrain | sandwich wall panels Bahrain | insulated steel wall panels Bahrain | PPGI wall panels Bahrain | Galvanized Steel supplier Bahrain"
"country-product","/countries/bahrain/products/corrugated-roofing-sheet","Bahrain","Corrugated Roofing Sheet","Corrugated Roofing Sheet Supplier for Bahrain Projects","Corrugated Roofing Sheet Supplier Bahrain","53","Corrugated Roofing Sheet supply for Bahrain projects. Specify Profile, thickness, coating, quantity, packing, documents and delivery location.","142","Corrugated Roofing Sheet supplier Bahrain","Corrugated Roofing Sheet Bahrain | GI roofing sheets Bahrain | galvanized corrugated sheets Bahrain | metal roofing sheets Bahrain | Galvanized Steel supplier Bahrain"
"country-product","/countries/bahrain/products/corrugated-wall-sheet","Bahrain","Corrugated Wall Sheet","Corrugated Wall Sheet Supplier for Bahrain Projects","Corrugated Wall Sheet Supplier Bahrain | GI Cladding","64","Corrugated Wall Sheet supply for Bahrain projects. Specify Profile, thickness, coating, quantity, packing, documents and delivery location.","139","Corrugated Wall Sheet supplier Bahrain","Corrugated Wall Sheet Bahrain | corrugated wall cladding Bahrain | GI wall sheets Bahrain | metal cladding sheets Bahrain | Galvanized Steel supplier Bahrain"
"country-product","/countries/bahrain/products/corrugated-fence-sheet-panel","Bahrain","Corrugated Fence Sheet / Panel","Corrugated Fence Sheet / Panel Supplier for Bahrain Projects","Corrugated Fence Panels Supplier Bahrain | GI Panels","64","Corrugated Fence Panels supply for Bahrain projects. Specify Sheet height, profile, thickness, quantity, packing, documents and delivery location.","146","Corrugated Fence Panels supplier Bahrain","Corrugated Fence Sheet / Panel Bahrain | GI fence panels Bahrain | corrugated fencing sheets Bahrain | temporary fence panels Bahrain | Galvanized Steel supplier Bahrain"
"country-product","/countries/bahrain/products/corrugated-curve","Bahrain","Corrugated Curve","Corrugated Curve Supplier for Bahrain Projects","Corrugated Curve Supplier Bahrain | Curved Roofing","62","Corrugated Curve supply for Bahrain projects. Specify Profile, radius, thickness, quantity, packing, documents and delivery location.","133","Corrugated Curve supplier Bahrain","Corrugated Curve Bahrain | curved roofing sheets Bahrain | curved corrugated panels Bahrain | arched roof sheets Bahrain | Galvanized Steel supplier Bahrain"
"country-product","/countries/bahrain/products/corrugated-ridge","Bahrain","Corrugated Ridge","Corrugated Ridge Supplier for Bahrain Projects","Corrugated Ridge Supplier Bahrain | Roof Ridge Caps","63","Corrugated Ridge supply for Bahrain projects. Specify Profile match, angle, colour, quantity, packing, documents and delivery location.","135","Corrugated Ridge supplier Bahrain","Corrugated Ridge Bahrain | roof ridge caps Bahrain | corrugated ridge flashing Bahrain | metal ridge cover Bahrain | Galvanized Steel supplier Bahrain"
"country-product","/countries/bahrain/products/gutter-and-flashing","Bahrain","Gutter and Flashing","Gutter and Flashing Supplier for Bahrain Projects","Gutter and Flashing Supplier Bahrain","48","Gutter and Flashing supply for Bahrain projects. Specify Profile drawing, thickness, colour, quantity, packing, documents and delivery location.","144","Gutter and Flashing supplier Bahrain","Gutter and Flashing Bahrain | roof gutters Bahrain | metal flashing Bahrain | GI flashing Bahrain | Galvanized Steel supplier Bahrain"
"country-product","/countries/bahrain/products/gi-decking-sheet","Bahrain","GI Decking Sheet - 45/150 and 75/305","GI Decking Sheet - 45/150 and 75/305 Supplier for Bahrain Projects","GI Decking Sheet - 45/150 and 75/305 Supplier Bahrain","65","GI Decking Sheet - 45/150 and 75/305 supply for Bahrain projects. Specify Profile, thickness, length, quantity, packing, documents and delivery location.","153","GI Decking Sheet - 45/150 and 75/305 supplier Bahrain","GI Decking Sheet - 45/150 and 75/305 Bahrain | 45/150 decking sheet Bahrain | 75/305 decking sheet Bahrain | metal deck sheet Bahrain | Galvanized Steel supplier Bahrain"
"country-product","/countries/bahrain/products/shear-studs","Bahrain","Shear Studs","Shear Studs Supplier for Bahrain Projects","Shear Studs Supplier Bahrain | Deck Shear Connectors","64","Shear Studs supply for Bahrain projects. Specify Stud diameter, height, deck profile and drawing reference, quantity, packing, documents and delivery.","150","Shear Studs supplier Bahrain","Shear Studs Bahrain | shear connectors Bahrain | deck shear studs Bahrain | headed studs Bahrain | Galvanized Steel supplier Bahrain"
"country-product","/countries/bahrain/products/c-purlins","Bahrain","C Purlins","C Purlins Supplier for Bahrain Projects","C Purlins Supplier Bahrain | Galvanized C Purlins","61","C Purlins supply for Bahrain projects. Specify Section size, thickness, length, quantity, packing, documents and delivery location.","131","C Purlins supplier Bahrain","C Purlins Bahrain | galvanized C purlins Bahrain | C channel purlins Bahrain | roof purlins Bahrain | Galvanized Steel supplier Bahrain"
"country-product","/countries/bahrain/products/z-purlins","Bahrain","Z Purlins","Z Purlins Supplier for Bahrain Projects","Z Purlins Supplier Bahrain | Galvanized Z Purlins","61","Z Purlins supply for Bahrain projects. Specify Section size, thickness, length, quantity, packing, documents and delivery location.","131","Z Purlins supplier Bahrain","Z Purlins Bahrain | galvanized Z purlins Bahrain | Z section purlins Bahrain | roof purlins Bahrain | Galvanized Steel supplier Bahrain"
"country-product","/countries/bahrain/products/drywall-partition-systems","Bahrain","Dry Wall Partition Systems","Dry Wall Partition Systems Supplier for Bahrain Projects","Drywall Systems Supplier Bahrain | GI Stud & Track","62","Drywall Systems supply for Bahrain projects. Specify Gauge, profile, quantity, packing, documents and delivery location.","120","Drywall Systems supplier Bahrain","Dry Wall Partition Systems Bahrain | GI studs and tracks Bahrain | drywall metal framing Bahrain | partition profiles Bahrain | Galvanized Steel supplier Bahrain"
"country-product","/countries/bahrain/products/strut-track","Bahrain","Strut & Track","Strut & Track Supplier for Bahrain Projects","Strut & Track Supplier Bahrain | MEP Strut Channels","63","Strut & Track supply for Bahrain projects. Specify Channel size, finish, length, quantity, packing, documents and delivery location.","132","Strut & Track supplier Bahrain","Strut & Track Bahrain | strut channels Bahrain | support channels Bahrain | MEP strut systems Bahrain | Galvanized Steel supplier Bahrain"
"country-product","/countries/bahrain/products/gi-pipe","Bahrain","GI Pipe","GI Pipe Supplier for Bahrain Projects","GI Pipe Supplier Bahrain | Galvanized Steel Pipe","60","GI Pipe supply for Bahrain projects. Specify Diameter, wall thickness, length, quantity, packing, documents and delivery location.","130","GI Pipe supplier Bahrain","GI Pipe Bahrain | galvanized steel pipe Bahrain | GI tubes Bahrain | galvanized pipe Bahrain | Galvanized Steel supplier Bahrain"
"country-product","/countries/bahrain/products/aluminium-coil","Bahrain","Aluminium Coil","Aluminium Coil Supplier for Bahrain Projects","Aluminium Coil Supplier Bahrain","43","Aluminium Coil supply for Bahrain projects. Specify Alloy, thickness, width, quantity, packing, documents and delivery location.","128","Aluminium Coil supplier Bahrain","Aluminium Coil Bahrain | aluminium coils Bahrain | aluminium sheet coil Bahrain | roofing aluminium coil Bahrain | Aluminium supplier Bahrain"
"country-product","/countries/bahrain/products/aluminium-plain-sheet","Bahrain","Aluminium Plain Sheet","Aluminium Plain Sheet Supplier for Bahrain Projects","Aluminium Plain Sheet Supplier Bahrain","50","Aluminium Plain Sheet supply for Bahrain projects. Specify Alloy, thickness, sheet size, quantity, packing, documents and delivery location.","140","Aluminium Plain Sheet supplier Bahrain","Aluminium Plain Sheet Bahrain | aluminium sheet Bahrain | plain aluminium sheets Bahrain | aluminium plate sheet Bahrain | Aluminium supplier Bahrain"
"country-product","/countries/bahrain/products/pre-painted-aluminium-coils","Bahrain","Pre-painted Aluminium Coils","Pre-painted Aluminium Coils Supplier for Bahrain Projects","Pre-Painted Aluminium Coil Supplier Bahrain","55","Pre-Painted Aluminium Coil supply for Bahrain projects. Specify Colour/RAL, alloy, thickness, quantity, packing, documents and delivery location.","145","Pre-Painted Aluminium Coil supplier Bahrain","Pre-painted Aluminium Coils Bahrain | colour coated aluminium coil Bahrain | prepainted aluminium coil Bahrain | coated aluminium Bahrain | Aluminium supplier Bahrain"
"country-product","/countries/bahrain/products/pfmb-psmr-aluminium-alloy-3003-h14-coils","Bahrain","PFMB/PSMR Aluminium Alloy 3003-H14 Coils","PFMB/PSMR Aluminium Alloy 3003-H14 Coils Supplier for Bahrain Projects","PFMB/PSMR 3003-H14 Aluminium Coils Supplier Bahrain","63","PFMB/PSMR 3003-H14 Aluminium Coils supply for Bahrain projects. Specify Alloy, coating type, micron, quantity, packing, documents and delivery location.","152","PFMB/PSMR 3003-H14 Aluminium Coils supplier Bahrain","PFMB/PSMR Aluminium Alloy 3003-H14 Coils Bahrain | 3003-H14 aluminium coil Bahrain | PSMR 75 micron coating Bahrain | coated aluminium coil Bahrain | Aluminium supplier Bahrain"
"country-product","/countries/qatar/products/ms-hollow-sections","Qatar","MS Hollow Sections","MS Hollow Sections Supply for Qatar","MS Hollow Sections Supplier Qatar | RHS & SHS","57","MS Hollow Sections for Qatar project RFQs. Review Section size, wall thickness, length, quantity, approval documents, packing and delivery zone.","144","MS Hollow Sections supplier Qatar","MS Hollow Sections Qatar | RHS sections Qatar | SHS sections Qatar | mild steel hollow sections Qatar | Mild Steel Products supplier Qatar"
"country-product","/countries/qatar/products/ms-beams","Qatar","MS Beams","MS Beams Supply for Qatar","MS Beams Supplier Qatar | I & H Structural Beams","60","MS Beams for Qatar project RFQs. Review Beam size, length, grade, quantity, approval documents, packing and delivery zone.","122","MS Beams supplier Qatar","MS Beams Qatar | I beams Qatar | H beams Qatar | structural steel beams Qatar | Mild Steel Products supplier Qatar"
"country-product","/countries/qatar/products/ms-channels","Qatar","MS Channels","MS Channels Supply for Qatar","MS Channels Supplier Qatar | C & U Steel Channels","61","MS Channels for Qatar project RFQs. Review Channel size, length, thickness/weight, quantity, approval documents, packing and delivery zone.","139","MS Channels supplier Qatar","MS Channels Qatar | C channels Qatar | U channels Qatar | mild steel channels Qatar | Mild Steel Products supplier Qatar"
"country-product","/countries/qatar/products/ms-bars","Qatar","MS Bars","MS Bars Supply for Qatar","MS Bars Supplier Qatar | Round, Flat & Square Bars","62","MS Bars for Qatar project RFQs. Review Bar type, size, length, quantity, approval documents, packing and delivery zone.","119","MS Bars supplier Qatar","MS Bars Qatar | round bars Qatar | flat bars Qatar | square bars Qatar | Mild Steel Products supplier Qatar"
"country-product","/countries/qatar/products/ms-angles","Qatar","MS Angles","MS Angles Supply for Qatar","MS Angles Supplier Qatar | Equal & Unequal Angles","61","MS Angles for Qatar project RFQs. Review Angle size, thickness, length, quantity, approval documents, packing and delivery zone.","128","MS Angles supplier Qatar","MS Angles Qatar | equal angles Qatar | unequal angles Qatar | mild steel angles Qatar | Mild Steel Products supplier Qatar"
"country-product","/countries/qatar/products/hr-coils-ms","Qatar","HR Coils - MS","HR Coils - MS Supply for Qatar","HR Coils - MS Supplier Qatar | Hot Rolled Steel Coil","64","HR Coils - MS for Qatar project RFQs. Review Thickness, width, grade, quantity, approval documents, packing and delivery zone.","126","HR Coils - MS supplier Qatar","HR Coils - MS Qatar | hot rolled steel coil Qatar | HR steel coil Qatar | mild steel coil Qatar | Mild Steel Products supplier Qatar"
"country-product","/countries/qatar/products/cr-coils-ms","Qatar","CR Coils - MS","CR Coils - MS Supply for Qatar","CR Coils - MS Supplier Qatar | Cold Rolled Steel Coil","65","CR Coils - MS for Qatar project RFQs. Review Thickness, width, surface requirement, quantity, approval documents, packing and delivery zone.","140","CR Coils - MS supplier Qatar","CR Coils - MS Qatar | cold rolled steel coil Qatar | CR steel coil Qatar | cold rolled sheet coil Qatar | Mild Steel Products supplier Qatar"
"country-product","/countries/qatar/products/ms-sheets","Qatar","MS Sheets","MS Sheets Supply for Qatar","MS Sheets Supplier Qatar | Mild Steel Sheets","56","MS Sheets for Qatar project RFQs. Review Thickness, sheet size, grade, quantity, approval documents, packing and delivery zone.","127","MS Sheets supplier Qatar","MS Sheets Qatar | mild steel sheet Qatar | steel sheets Qatar | fabrication sheet Qatar | Mild Steel Products supplier Qatar"
"country-product","/countries/qatar/products/ms-plates","Qatar","MS Plates","MS Plates Supply for Qatar","MS Plates Supplier Qatar | Mild Steel Plates","56","MS Plates for Qatar project RFQs. Review Thickness, plate size, grade, quantity, approval documents, packing and delivery zone.","127","MS Plates supplier Qatar","MS Plates Qatar | mild steel plates Qatar | steel plate Qatar | structural plates Qatar | Mild Steel Products supplier Qatar"
"country-product","/countries/qatar/products/mild-steel-gratings","Qatar","Mild Steel Gratings","Mild Steel Gratings Supply for Qatar","MS Gratings Supplier Qatar | Steel Grating","54","MS Gratings for Qatar project RFQs. Review Panel size, load requirement, finish, quantity, approval documents, packing and delivery zone.","137","MS Gratings supplier Qatar","Mild Steel Gratings Qatar | steel grating panels Qatar | walkway grating Qatar | industrial grating Qatar | Mild Steel Products supplier Qatar"
"country-product","/countries/qatar/products/decking-sheets-ms","Qatar","Decking Sheets (MS)","Decking Sheets (MS) Supply for Qatar","Decking Sheets (MS) Supplier Qatar | Metal Deck","59","Decking Sheets (MS) for Qatar project RFQs. Review Profile, thickness, length, quantity, approval documents, packing and delivery zone.","135","Decking Sheets (MS) supplier Qatar","Decking Sheets (MS) Qatar | metal decking sheets Qatar | composite deck sheets Qatar | MS deck profile Qatar | Mild Steel Products supplier Qatar"
"country-product","/countries/qatar/products/ms-shear-studs","Qatar","MS Shear Studs","MS Shear Studs Supply for Qatar","MS Shear Studs Supplier Qatar | Deck Shear Studs","60","MS Shear Studs for Qatar project RFQs. Review Stud diameter, height, profile and drawing reference, quantity, approval documents, packing and delivery.","151","MS Shear Studs supplier Qatar","MS Shear Studs Qatar | shear connectors Qatar | deck shear studs Qatar | stud welding Qatar | Mild Steel Products supplier Qatar"
"country-product","/countries/qatar/products/ss-coil","Qatar","SS Coil","SS Coil Supply for Qatar","SS Coil Supplier Qatar | Stainless Steel Coil","57","SS Coil for Qatar project RFQs. Review Grade, thickness, width, quantity, approval documents, packing and delivery zone.","120","SS Coil supplier Qatar","SS Coil Qatar | stainless steel coil Qatar | SS coils Qatar | stainless coil Qatar | Stainless Steel supplier Qatar"
"country-product","/countries/qatar/products/ss-wire","Qatar","SS Wire","SS Wire Supply for Qatar","SS Wire Supplier Qatar | Stainless Steel Wire","57","SS Wire for Qatar project RFQs. Review Wire diameter, grade, finish, quantity, approval documents, packing and delivery zone.","125","SS Wire supplier Qatar","SS Wire Qatar | stainless steel wire Qatar | SS wire coil Qatar | stainless wire Qatar | Stainless Steel supplier Qatar"
"country-product","/countries/qatar/products/ss-plain-sheet","Qatar","SS Plain Sheet","SS Plain Sheet Supply for Qatar","SS Plain Sheet Supplier Qatar | Stainless Sheet","59","SS Plain Sheet for Qatar project RFQs. Review Grade, thickness, finish, quantity, approval documents, packing and delivery zone.","128","SS Plain Sheet supplier Qatar","SS Plain Sheet Qatar | stainless steel sheet Qatar | SS sheet Qatar | stainless plain sheet Qatar | Stainless Steel supplier Qatar"
"country-product","/countries/qatar/products/ss-slitted-coil","Qatar","SS Slitted Coil","SS Slitted Coil Supply for Qatar","SS Slitted Coil Supplier Qatar | Stainless Strips","61","SS Slitted Coil for Qatar project RFQs. Review Grade, thickness, slit width, quantity, approval documents, packing and delivery zone.","133","SS Slitted Coil supplier Qatar","SS Slitted Coil Qatar | stainless slit coil Qatar | SS slit coil Qatar | stainless steel strips Qatar | Stainless Steel supplier Qatar"
"country-product","/countries/qatar/products/gi-coil","Qatar","GI Coil","GI Coil Supplier for Qatar Projects","GI Coil Supplier Qatar | Zinc-Coated Steel Coil","59","GI coil supplier for Qatar project RFQs. Review galvanized coil grade, thickness, width, zinc coating, documentation, profiling use and Doha delivery.","150","GI coil supplier Qatar","galvanized steel coil Qatar | zinc coated steel coil Qatar | GI coil Doha | roofing coil Qatar | GI coil specification Qatar"
"country-product","/countries/qatar/products/ppgi-coil","Qatar","PPGI Coil","PPGI Coil Supply for Qatar","PPGI Coil Supplier Qatar | Pre-Painted GI Coil","58","PPGI Coil for Qatar project RFQs. Review Colour/RAL, coating, thickness, quantity, approval documents, packing and delivery zone.","129","PPGI Coil supplier Qatar","PPGI Coil Qatar | pre-painted galvanized coil Qatar | colour coated steel coil Qatar | PPGI steel coil Qatar | Galvanized Steel supplier Qatar"
"country-product","/countries/qatar/products/aluzinc-coil","Qatar","Aluzinc Coil","Aluzinc Coil Supply for Qatar","Aluzinc Coil Supplier Qatar | Aluminium-Zinc Coil","61","Aluzinc Coil for Qatar project RFQs. Review Coating, thickness, width, quantity, approval documents, packing and delivery zone.","127","Aluzinc Coil supplier Qatar","Aluzinc Coil Qatar | aluminium-zinc coil Qatar | Aluzinc steel coil Qatar | AZ coated coil Qatar | Galvanized Steel supplier Qatar"
"country-product","/countries/qatar/products/pvdf-coils","Qatar","PVDF Coils","PVDF Coils Supply for Qatar","PVDF Coils Supplier Qatar | PVDF Coated Steel","57","PVDF Coils for Qatar project RFQs. Review PVDF coating, colour, thickness, quantity, approval documents, packing and delivery zone.","131","PVDF Coils supplier Qatar","PVDF Coils Qatar | PVDF coated coil Qatar | colour coated steel coil Qatar | architectural coated coil Qatar | Galvanized Steel supplier Qatar"
"country-product","/countries/qatar/products/gi-plain-sheet","Qatar","GI Plain Sheet","GI Plain Sheet Supply for Qatar","GI Plain Sheet Supplier Qatar | Galvanized Sheet","60","GI Plain Sheet for Qatar project RFQs. Review Thickness, sheet size, coating, quantity, approval documents, packing and delivery zone.","134","GI Plain Sheet supplier Qatar","GI Plain Sheet Qatar | galvanized steel sheet Qatar | GI sheet Qatar | zinc coated sheet Qatar | Galvanized Steel supplier Qatar"
"country-product","/countries/qatar/products/gi-slitted-coils","Qatar","GI Slitted Coils","GI Slitted Coils Supply for Qatar","GI Slitted Coils Supplier Qatar | Galvanized Strips","63","GI Slitted Coils for Qatar project RFQs. Review Thickness, slit width, coating GSM, quantity, approval documents, packing and delivery zone.","140","GI Slitted Coils supplier Qatar","GI Slitted Coils Qatar | galvanized slit coils Qatar | GI steel strips Qatar | zinc coated strip Qatar | Galvanized Steel supplier Qatar"
"country-product","/countries/qatar/products/ppgi-slitted-coils","Qatar","PPGI Slitted Coils","PPGI Slitted Coils Supply for Qatar","PPGI Slitted Coils Supplier Qatar | Coated Strips","61","PPGI Slitted Coils for Qatar project RFQs. Review Colour/RAL, coating, slit width, quantity, approval documents, packing and delivery zone.","139","PPGI Slitted Coils supplier Qatar","PPGI Slitted Coils Qatar | pre-painted slit coils Qatar | colour coated steel strips Qatar | PPGI strips Qatar | Galvanized Steel supplier Qatar"
"country-product","/countries/qatar/products/ppgi-plain-sheet","Qatar","PPGI Plain Sheet","PPGI Plain Sheet Supply for Qatar","PPGI Plain Sheet Supplier Qatar | Coated Steel Sheet","64","PPGI Plain Sheet for Qatar project RFQs. Review Colour/RAL, thickness, sheet size, quantity, approval documents, packing and delivery zone.","139","PPGI Plain Sheet supplier Qatar","PPGI Plain Sheet Qatar | pre-painted galvanized sheet Qatar | colour coated steel sheet Qatar | PPGI sheet Qatar | Galvanized Steel supplier Qatar"
"country-product","/countries/qatar/products/roof-insulated-panels","Qatar","Roof Insulated Panels - GI/PPGI","Roof Insulated Panels - GI/PPGI Supply for Qatar","Roof Insulated Panels Supplier Qatar | GI/PPGI Panels","65","Roof Insulated Panels for Qatar project RFQs. Review Panel thickness, skin material, colour, quantity, approval documents, packing and delivery zone.","149","Roof Insulated Panels supplier Qatar","Roof Insulated Panels - GI/PPGI Qatar | GI roof sandwich panels Qatar | PPGI insulated roof panels Qatar | sandwich roof panels Qatar | Galvanized Steel supplier Qatar"
"country-product","/countries/qatar/products/wall-insulated-panels","Qatar","Wall Insulated Panels","Wall Insulated Panels Supply for Qatar","Wall Insulated Panels Supplier Qatar","48","Wall Insulated Panels for Qatar project RFQs. Review Panel thickness, skin finish, colour, quantity, approval documents, packing and delivery zone.","147","Wall Insulated Panels supplier Qatar","Wall Insulated Panels Qatar | sandwich wall panels Qatar | insulated steel wall panels Qatar | PPGI wall panels Qatar | Galvanized Steel supplier Qatar"
"country-product","/countries/qatar/products/corrugated-roofing-sheet","Qatar","Corrugated Roofing Sheet","Corrugated Roofing Sheet Supply for Qatar","Corrugated Roofing Sheet Supplier Qatar | GI Roofing","64","Corrugated Roofing Sheet for Qatar project RFQs. Review Profile, thickness, coating, quantity, approval documents, packing and delivery zone.","141","Corrugated Roofing Sheet supplier Qatar","Corrugated Roofing Sheet Qatar | GI roofing sheets Qatar | galvanized corrugated sheets Qatar | metal roofing sheets Qatar | Galvanized Steel supplier Qatar"
"country-product","/countries/qatar/products/corrugated-wall-sheet","Qatar","Corrugated Wall Sheet","Corrugated Wall Sheet Supply for Qatar","Corrugated Wall Sheet Supplier Qatar | GI Cladding","62","Corrugated Wall Sheet for Qatar project RFQs. Review Profile, thickness, coating, quantity, approval documents, packing and delivery zone.","138","Corrugated Wall Sheet supplier Qatar","Corrugated Wall Sheet Qatar | corrugated wall cladding Qatar | GI wall sheets Qatar | metal cladding sheets Qatar | Galvanized Steel supplier Qatar"
"country-product","/countries/qatar/products/corrugated-fence-sheet-panel","Qatar","Corrugated Fence Sheet / Panel","Corrugated Fence Sheet / Panel Supply for Qatar","Corrugated Fence Panels Supplier Qatar | GI Panels","62","Corrugated Fence Panels for Qatar project RFQs. Review Sheet height, profile, thickness, quantity, approval documents, packing and delivery zone.","145","Corrugated Fence Panels supplier Qatar","Corrugated Fence Sheet / Panel Qatar | GI fence panels Qatar | corrugated fencing sheets Qatar | temporary fence panels Qatar | Galvanized Steel supplier Qatar"
"country-product","/countries/qatar/products/corrugated-curve","Qatar","Corrugated Curve","Corrugated Curve Supply for Qatar","Corrugated Curve Supplier Qatar | Curved Roofing","60","Corrugated Curve for Qatar project RFQs. Review Profile, radius, thickness, quantity, approval documents, packing and delivery zone.","132","Corrugated Curve supplier Qatar","Corrugated Curve Qatar | curved roofing sheets Qatar | curved corrugated panels Qatar | arched roof sheets Qatar | Galvanized Steel supplier Qatar"
"country-product","/countries/qatar/products/corrugated-ridge","Qatar","Corrugated Ridge","Corrugated Ridge Supply for Qatar","Corrugated Ridge Supplier Qatar | Roof Ridge Caps","61","Corrugated Ridge for Qatar project RFQs. Review Profile match, angle, colour, quantity, approval documents, packing and delivery zone.","134","Corrugated Ridge supplier Qatar","Corrugated Ridge Qatar | roof ridge caps Qatar | corrugated ridge flashing Qatar | metal ridge cover Qatar | Galvanized Steel supplier Qatar"
"country-product","/countries/qatar/products/gutter-and-flashing","Qatar","Gutter and Flashing","Gutter and Flashing Supply for Qatar","Gutter and Flashing Supplier Qatar | Roof Accessories","65","Gutter and Flashing for Qatar project RFQs. Review Profile drawing, thickness, colour, quantity, approval documents, packing and delivery zone.","143","Gutter and Flashing supplier Qatar","Gutter and Flashing Qatar | roof gutters Qatar | metal flashing Qatar | GI flashing Qatar | Galvanized Steel supplier Qatar"
"country-product","/countries/qatar/products/gi-decking-sheet","Qatar","GI Decking Sheet - 45/150 and 75/305","GI Decking Sheet - 45/150 and 75/305 Supply for Qatar","GI Decking Sheet - 45/150 and 75/305 Supplier Qatar","63","GI Decking Sheet - 45/150 and 75/305 for Qatar project RFQs. Review Profile, thickness, length, quantity, approval documents, packing and delivery zone.","152","GI Decking Sheet - 45/150 and 75/305 supplier Qatar","GI Decking Sheet - 45/150 and 75/305 Qatar | 45/150 decking sheet Qatar | 75/305 decking sheet Qatar | metal deck sheet Qatar | Galvanized Steel supplier Qatar"
"country-product","/countries/qatar/products/shear-studs","Qatar","Shear Studs","Shear Studs Supply for Qatar","Shear Studs Supplier Qatar | Deck Shear Connectors","62","Shear Studs for Qatar project RFQs. Review Stud diameter, height, deck profile and drawing reference, quantity, approval documents, packing and delivery.","153","Shear Studs supplier Qatar","Shear Studs Qatar | shear connectors Qatar | deck shear studs Qatar | headed studs Qatar | Galvanized Steel supplier Qatar"
"country-product","/countries/qatar/products/c-purlins","Qatar","C Purlins","C Purlins Supply for Qatar","C Purlins Supplier Qatar | Galvanized C Purlins","59","C Purlins for Qatar project RFQs. Review Section size, thickness, length, quantity, approval documents, packing and delivery zone.","130","C Purlins supplier Qatar","C Purlins Qatar | galvanized C purlins Qatar | C channel purlins Qatar | roof purlins Qatar | Galvanized Steel supplier Qatar"
"country-product","/countries/qatar/products/z-purlins","Qatar","Z Purlins","Z Purlins Supply for Qatar","Z Purlins Supplier Qatar | Galvanized Z Purlins","59","Z Purlins for Qatar project RFQs. Review Section size, thickness, length, quantity, approval documents, packing and delivery zone.","130","Z Purlins supplier Qatar","Z Purlins Qatar | galvanized Z purlins Qatar | Z section purlins Qatar | roof purlins Qatar | Galvanized Steel supplier Qatar"
"country-product","/countries/qatar/products/drywall-partition-systems","Qatar","Dry Wall Partition Systems","Dry Wall Partition Systems Supply for Qatar","Drywall Systems Supplier Qatar | GI Stud & Track","60","Drywall Systems for Qatar project RFQs. Review Gauge, profile, quantity, approval documents, packing and delivery zone.","119","Drywall Systems supplier Qatar","Dry Wall Partition Systems Qatar | GI studs and tracks Qatar | drywall metal framing Qatar | partition profiles Qatar | Galvanized Steel supplier Qatar"
"country-product","/countries/qatar/products/strut-track","Qatar","Strut & Track","Strut & Track Supply for Qatar","Strut & Track Supplier Qatar | MEP Strut Channels","61","Strut & Track for Qatar project RFQs. Review Channel size, finish, length, quantity, approval documents, packing and delivery zone.","131","Strut & Track supplier Qatar","Strut & Track Qatar | strut channels Qatar | support channels Qatar | MEP strut systems Qatar | Galvanized Steel supplier Qatar"
"country-product","/countries/qatar/products/gi-pipe","Qatar","GI Pipe","GI Pipe Supply for Qatar","GI Pipe Supplier Qatar | Galvanized Steel Pipe","58","GI Pipe for Qatar project RFQs. Review Diameter, wall thickness, length, quantity, approval documents, packing and delivery zone.","129","GI Pipe supplier Qatar","GI Pipe Qatar | galvanized steel pipe Qatar | GI tubes Qatar | galvanized pipe Qatar | Galvanized Steel supplier Qatar"
"country-product","/countries/qatar/products/aluminium-coil","Qatar","Aluminium Coil","Aluminium Coil Supply for Qatar","Aluminium Coil Supplier Qatar | Aluminium Sheet Coil","64","Aluminium Coil for Qatar project RFQs. Review Alloy, thickness, width, quantity, approval documents, packing and delivery zone.","127","Aluminium Coil supplier Qatar","Aluminium Coil Qatar | aluminium coils Qatar | aluminium sheet coil Qatar | roofing aluminium coil Qatar | Aluminium supplier Qatar"
"country-product","/countries/qatar/products/aluminium-plain-sheet","Qatar","Aluminium Plain Sheet","Aluminium Plain Sheet Supply for Qatar","Aluminium Plain Sheet Supplier Qatar","48","Aluminium Plain Sheet for Qatar project RFQs. Review Alloy, thickness, sheet size, quantity, approval documents, packing and delivery zone.","139","Aluminium Plain Sheet supplier Qatar","Aluminium Plain Sheet Qatar | aluminium sheet Qatar | plain aluminium sheets Qatar | aluminium plate sheet Qatar | Aluminium supplier Qatar"
"country-product","/countries/qatar/products/pre-painted-aluminium-coils","Qatar","Pre-painted Aluminium Coils","Pre-painted Aluminium Coils Supply for Qatar","Pre-Painted Aluminium Coil Supplier Qatar","53","Pre-Painted Aluminium Coil for Qatar project RFQs. Review Colour/RAL, alloy, thickness, quantity, approval documents, packing and delivery zone.","144","Pre-Painted Aluminium Coil supplier Qatar","Pre-painted Aluminium Coils Qatar | colour coated aluminium coil Qatar | prepainted aluminium coil Qatar | coated aluminium Qatar | Aluminium supplier Qatar"
"country-product","/countries/qatar/products/pfmb-psmr-aluminium-alloy-3003-h14-coils","Qatar","PFMB/PSMR Aluminium Alloy 3003-H14 Coils","PFMB/PSMR Aluminium Alloy 3003-H14 Coils Supply for Qatar","PFMB/PSMR 3003-H14 Aluminium Coils Supplier Qatar","61","PFMB/PSMR 3003-H14 Aluminium Coils for Qatar project RFQs. Review Alloy, coating type, micron, quantity, approval documents, packing and delivery zone.","151","PFMB/PSMR 3003-H14 Aluminium Coils supplier Qatar","PFMB/PSMR Aluminium Alloy 3003-H14 Coils Qatar | 3003-H14 aluminium coil Qatar | PSMR 75 micron coating Qatar | coated aluminium coil Qatar | Aluminium supplier Qatar"
"country-product","/countries/kuwait/products/ms-hollow-sections","Kuwait","MS Hollow Sections","MS Hollow Sections Supplier in Kuwait","MS Hollow Sections Supplier Kuwait | RHS & SHS","58","Kuwait MS Hollow Sections enquiries. Compare Section size, wall thickness, length, quantity, processing needs, documents and delivery point.","140","MS Hollow Sections supplier Kuwait","MS Hollow Sections Kuwait | RHS sections Kuwait | SHS sections Kuwait | mild steel hollow sections Kuwait | Mild Steel Products supplier Kuwait"
"country-product","/countries/kuwait/products/ms-beams","Kuwait","MS Beams","MS Beams Supplier in Kuwait","MS Beams Supplier Kuwait | I & H Structural Beams","61","Kuwait MS Beams enquiries. Compare Beam size, length, grade, quantity, processing needs, documents and delivery point.","118","MS Beams supplier Kuwait","MS Beams Kuwait | I beams Kuwait | H beams Kuwait | structural steel beams Kuwait | Mild Steel Products supplier Kuwait"
"country-product","/countries/kuwait/products/ms-channels","Kuwait","MS Channels","MS Channels Supplier in Kuwait","MS Channels Supplier Kuwait | C & U Steel Channels","62","Kuwait MS Channels enquiries. Compare Channel size, length, thickness/weight, quantity, processing needs, documents and delivery point.","135","MS Channels supplier Kuwait","MS Channels Kuwait | C channels Kuwait | U channels Kuwait | mild steel channels Kuwait | Mild Steel Products supplier Kuwait"
"country-product","/countries/kuwait/products/ms-bars","Kuwait","MS Bars","MS Bars Supplier in Kuwait","MS Bars Supplier Kuwait | Round, Flat & Square Bars","63","Kuwait MS Bars enquiries. Compare Bar type, size, length, quantity, processing needs, documents and delivery point.","115","MS Bars supplier Kuwait","MS Bars Kuwait | round bars Kuwait | flat bars Kuwait | square bars Kuwait | Mild Steel Products supplier Kuwait"
"country-product","/countries/kuwait/products/ms-angles","Kuwait","MS Angles","MS Angles Supplier in Kuwait","MS Angles Supplier Kuwait | Equal & Unequal Angles","62","Kuwait MS Angles enquiries. Compare Angle size, thickness, length, quantity, processing needs, documents and delivery point.","124","MS Angles supplier Kuwait","MS Angles Kuwait | equal angles Kuwait | unequal angles Kuwait | mild steel angles Kuwait | Mild Steel Products supplier Kuwait"
"country-product","/countries/kuwait/products/hr-coils-ms","Kuwait","HR Coils - MS","HR Coils - MS Supplier in Kuwait","HR Coils - MS Supplier Kuwait | Hot Rolled Steel Coil","65","Kuwait HR Coils - MS enquiries. Compare Thickness, width, grade, quantity, processing needs, documents and delivery point.","122","HR Coils - MS supplier Kuwait","HR Coils - MS Kuwait | hot rolled steel coil Kuwait | HR steel coil Kuwait | mild steel coil Kuwait | Mild Steel Products supplier Kuwait"
"country-product","/countries/kuwait/products/cr-coils-ms","Kuwait","CR Coils - MS","CR Coils - MS Supplier in Kuwait","CR Coils - MS Supplier Kuwait","41","Kuwait CR Coils - MS enquiries. Compare Thickness, width, surface requirement, quantity, processing needs, documents and delivery point.","136","CR Coils - MS supplier Kuwait","CR Coils - MS Kuwait | cold rolled steel coil Kuwait | CR steel coil Kuwait | cold rolled sheet coil Kuwait | Mild Steel Products supplier Kuwait"
"country-product","/countries/kuwait/products/ms-sheets","Kuwait","MS Sheets","MS Sheets Supplier in Kuwait","MS Sheets Supplier Kuwait | Mild Steel Sheets","57","Kuwait MS Sheets enquiries. Compare Thickness, sheet size, grade, quantity, processing needs, documents and delivery point.","123","MS Sheets supplier Kuwait","MS Sheets Kuwait | mild steel sheet Kuwait | steel sheets Kuwait | fabrication sheet Kuwait | Mild Steel Products supplier Kuwait"
"country-product","/countries/kuwait/products/ms-plates","Kuwait","MS Plates","MS Plates Supplier in Kuwait","MS Plates Supplier Kuwait | Mild Steel Plates","57","Kuwait MS Plates enquiries. Compare Thickness, plate size, grade, quantity, processing needs, documents and delivery point.","123","MS Plates supplier Kuwait","MS Plates Kuwait | mild steel plates Kuwait | steel plate Kuwait | structural plates Kuwait | Mild Steel Products supplier Kuwait"
"country-product","/countries/kuwait/products/mild-steel-gratings","Kuwait","Mild Steel Gratings","Mild Steel Gratings Supplier in Kuwait","MS Gratings Supplier Kuwait | Steel Grating","55","Kuwait MS Gratings enquiries. Compare Panel size, load requirement, finish, quantity, processing needs, documents and delivery point.","133","MS Gratings supplier Kuwait","Mild Steel Gratings Kuwait | steel grating panels Kuwait | walkway grating Kuwait | industrial grating Kuwait | Mild Steel Products supplier Kuwait"
"country-product","/countries/kuwait/products/decking-sheets-ms","Kuwait","Decking Sheets (MS)","Decking Sheets (MS) Supplier in Kuwait","Decking Sheets (MS) Supplier Kuwait | Metal Deck","60","Kuwait Decking Sheets (MS) enquiries. Compare Profile, thickness, length, quantity, processing needs, documents and delivery point.","131","Decking Sheets (MS) supplier Kuwait","Decking Sheets (MS) Kuwait | metal decking sheets Kuwait | composite deck sheets Kuwait | MS deck profile Kuwait | Mild Steel Products supplier Kuwait"
"country-product","/countries/kuwait/products/ms-shear-studs","Kuwait","MS Shear Studs","MS Shear Studs Supplier in Kuwait","MS Shear Studs Supplier Kuwait | Deck Shear Studs","61","Kuwait MS Shear Studs enquiries. Compare Stud diameter, height, profile and drawing reference, quantity, processing needs, documents and delivery point.","152","MS Shear Studs supplier Kuwait","MS Shear Studs Kuwait | shear connectors Kuwait | deck shear studs Kuwait | stud welding Kuwait | Mild Steel Products supplier Kuwait"
"country-product","/countries/kuwait/products/ss-coil","Kuwait","SS Coil","SS Coil Supplier in Kuwait","SS Coil Supplier Kuwait | Stainless Steel Coil","58","Kuwait SS Coil enquiries. Compare Grade, thickness, width, quantity, processing needs, documents and delivery point.","116","SS Coil supplier Kuwait","SS Coil Kuwait | stainless steel coil Kuwait | SS coils Kuwait | stainless coil Kuwait | Stainless Steel supplier Kuwait"
"country-product","/countries/kuwait/products/ss-wire","Kuwait","SS Wire","SS Wire Supplier in Kuwait","SS Wire Supplier Kuwait | Stainless Steel Wire","58","Kuwait SS Wire enquiries. Compare Wire diameter, grade, finish, quantity, processing needs, documents and delivery point.","121","SS Wire supplier Kuwait","SS Wire Kuwait | stainless steel wire Kuwait | SS wire coil Kuwait | stainless wire Kuwait | Stainless Steel supplier Kuwait"
"country-product","/countries/kuwait/products/ss-plain-sheet","Kuwait","SS Plain Sheet","SS Plain Sheet Supplier in Kuwait","SS Plain Sheet Supplier Kuwait | Stainless Sheet","60","Kuwait SS Plain Sheet enquiries. Compare Grade, thickness, finish, quantity, processing needs, documents and delivery point.","124","SS Plain Sheet supplier Kuwait","SS Plain Sheet Kuwait | stainless steel sheet Kuwait | SS sheet Kuwait | stainless plain sheet Kuwait | Stainless Steel supplier Kuwait"
"country-product","/countries/kuwait/products/ss-slitted-coil","Kuwait","SS Slitted Coil","SS Slitted Coil Supplier in Kuwait","SS Slitted Coil Supplier Kuwait | Stainless Strips","62","Kuwait SS Slitted Coil enquiries. Compare Grade, thickness, slit width, quantity, processing needs, documents and delivery point.","129","SS Slitted Coil supplier Kuwait","SS Slitted Coil Kuwait | stainless slit coil Kuwait | SS slit coil Kuwait | stainless steel strips Kuwait | Stainless Steel supplier Kuwait"
"country-product","/countries/kuwait/products/gi-coil","Kuwait","GI Coil","Galvanized GI Coil Supplier in Kuwait","GI Coil Supplier Kuwait | Galvanized Steel Coil","59","GI coil supply for Kuwait roofing and fabrication RFQs. Compare galvanized steel coil thickness, width, zinc coating, grade, packing and delivery.","146","GI coil supplier Kuwait","galvanized steel coil Kuwait | galvanized coil supplier Kuwait | roofing GI coil Kuwait | zinc coated coil Kuwait"
"country-product","/countries/kuwait/products/ppgi-coil","Kuwait","PPGI Coil","PPGI Coil Supplier in Kuwait","PPGI Coil Supplier Kuwait | Pre-Painted GI Coil","59","Kuwait PPGI Coil enquiries. Compare Colour/RAL, coating, thickness, quantity, processing needs, documents and delivery point.","125","PPGI Coil supplier Kuwait","PPGI Coil Kuwait | pre-painted galvanized coil Kuwait | colour coated steel coil Kuwait | PPGI steel coil Kuwait | Galvanized Steel supplier Kuwait"
"country-product","/countries/kuwait/products/aluzinc-coil","Kuwait","Aluzinc Coil","Aluzinc Coil Supplier in Kuwait","Aluzinc Coil Supplier Kuwait | Aluminium-Zinc Coil","62","Kuwait Aluzinc Coil enquiries. Compare Coating, thickness, width, quantity, processing needs, documents and delivery point.","123","Aluzinc Coil supplier Kuwait","Aluzinc Coil Kuwait | aluminium-zinc coil Kuwait | Aluzinc steel coil Kuwait | AZ coated coil Kuwait | Galvanized Steel supplier Kuwait"
"country-product","/countries/kuwait/products/pvdf-coils","Kuwait","PVDF Coils","PVDF Coils Supplier in Kuwait","PVDF Coils Supplier Kuwait | PVDF Coated Steel","58","Kuwait PVDF Coils enquiries. Compare PVDF coating, colour, thickness, quantity, processing needs, documents and delivery point.","127","PVDF Coils supplier Kuwait","PVDF Coils Kuwait | PVDF coated coil Kuwait | colour coated steel coil Kuwait | architectural coated coil Kuwait | Galvanized Steel supplier Kuwait"
"country-product","/countries/kuwait/products/gi-plain-sheet","Kuwait","GI Plain Sheet","GI Plain Sheet Supplier in Kuwait","GI Plain Sheet Supplier Kuwait | Galvanized Sheet","61","Kuwait GI Plain Sheet enquiries. Compare Thickness, sheet size, coating, quantity, processing needs, documents and delivery point.","130","GI Plain Sheet supplier Kuwait","GI Plain Sheet Kuwait | galvanized steel sheet Kuwait | GI sheet Kuwait | zinc coated sheet Kuwait | Galvanized Steel supplier Kuwait"
"country-product","/countries/kuwait/products/gi-slitted-coils","Kuwait","GI Slitted Coils","GI Slitted Coils Supplier in Kuwait","GI Slitted Coils Supplier Kuwait | Galvanized Strips","64","Kuwait GI Slitted Coils enquiries. Compare Thickness, slit width, coating GSM, quantity, processing needs, documents and delivery point.","136","GI Slitted Coils supplier Kuwait","GI Slitted Coils Kuwait | galvanized slit coils Kuwait | GI steel strips Kuwait | zinc coated strip Kuwait | Galvanized Steel supplier Kuwait"
"country-product","/countries/kuwait/products/ppgi-slitted-coils","Kuwait","PPGI Slitted Coils","PPGI Slitted Coils Supplier in Kuwait","PPGI Slitted Coils Supplier Kuwait | Coated Strips","62","Kuwait PPGI Slitted Coils enquiries. Compare Colour/RAL, coating, slit width, quantity, processing needs, documents and delivery point.","135","PPGI Slitted Coils supplier Kuwait","PPGI Slitted Coils Kuwait | pre-painted slit coils Kuwait | colour coated steel strips Kuwait | PPGI strips Kuwait | Galvanized Steel supplier Kuwait"
"country-product","/countries/kuwait/products/ppgi-plain-sheet","Kuwait","PPGI Plain Sheet","PPGI Plain Sheet Supplier in Kuwait","PPGI Plain Sheet Supplier Kuwait | Coated Steel Sheet","65","Kuwait PPGI Plain Sheet enquiries. Compare Colour/RAL, thickness, sheet size, quantity, processing needs, documents and delivery point.","135","PPGI Plain Sheet supplier Kuwait","PPGI Plain Sheet Kuwait | pre-painted galvanized sheet Kuwait | colour coated steel sheet Kuwait | PPGI sheet Kuwait | Galvanized Steel supplier Kuwait"
"country-product","/countries/kuwait/products/roof-insulated-panels","Kuwait","Roof Insulated Panels - GI/PPGI","Roof Insulated Panels - GI/PPGI Supplier in Kuwait","Roof Insulated Panels Supplier Kuwait","49","Kuwait Roof Insulated Panels enquiries. Compare Panel thickness, skin material, colour, quantity, processing needs, documents and delivery point.","145","Roof Insulated Panels supplier Kuwait","Roof Insulated Panels - GI/PPGI Kuwait | GI roof sandwich panels Kuwait | PPGI insulated roof panels Kuwait | sandwich roof panels Kuwait | Galvanized Steel supplier Kuwait"
"country-product","/countries/kuwait/products/wall-insulated-panels","Kuwait","Wall Insulated Panels","Wall Insulated Panels Supplier in Kuwait","Wall Insulated Panels Supplier Kuwait","49","Kuwait Wall Insulated Panels enquiries. Compare Panel thickness, skin finish, colour, quantity, processing needs, documents and delivery point.","143","Wall Insulated Panels supplier Kuwait","Wall Insulated Panels Kuwait | sandwich wall panels Kuwait | insulated steel wall panels Kuwait | PPGI wall panels Kuwait | Galvanized Steel supplier Kuwait"
"country-product","/countries/kuwait/products/corrugated-roofing-sheet","Kuwait","Corrugated Roofing Sheet","Corrugated Roofing Sheet Supplier in Kuwait","Corrugated Roofing Sheet Supplier Kuwait | GI Roofing","65","Kuwait Corrugated Roofing Sheet enquiries. Compare Profile, thickness, coating, quantity, processing needs, documents and delivery point.","137","Corrugated Roofing Sheet supplier Kuwait","Corrugated Roofing Sheet Kuwait | GI roofing sheets Kuwait | galvanized corrugated sheets Kuwait | metal roofing sheets Kuwait | Galvanized Steel supplier Kuwait"
"country-product","/countries/kuwait/products/corrugated-wall-sheet","Kuwait","Corrugated Wall Sheet","Corrugated Wall Sheet Supplier in Kuwait","Corrugated Wall Sheet Supplier Kuwait | GI Cladding","63","Kuwait Corrugated Wall Sheet enquiries. Compare Profile, thickness, coating, quantity, processing needs, documents and delivery point.","134","Corrugated Wall Sheet supplier Kuwait","Corrugated Wall Sheet Kuwait | corrugated wall cladding Kuwait | GI wall sheets Kuwait | metal cladding sheets Kuwait | Galvanized Steel supplier Kuwait"
"country-product","/countries/kuwait/products/corrugated-fence-sheet-panel","Kuwait","Corrugated Fence Sheet / Panel","Corrugated Fence Sheet / Panel Supplier in Kuwait","Corrugated Fence Panels Supplier Kuwait | GI Panels","63","Kuwait Corrugated Fence Panels enquiries. Compare Sheet height, profile, thickness, quantity, processing needs, documents and delivery point.","141","Corrugated Fence Panels supplier Kuwait","Corrugated Fence Sheet / Panel Kuwait | GI fence panels Kuwait | corrugated fencing sheets Kuwait | temporary fence panels Kuwait | Galvanized Steel supplier Kuwait"
"country-product","/countries/kuwait/products/corrugated-curve","Kuwait","Corrugated Curve","Corrugated Curve Supplier in Kuwait","Corrugated Curve Supplier Kuwait | Curved Roofing","61","Kuwait Corrugated Curve enquiries. Compare Profile, radius, thickness, quantity, processing needs, documents and delivery point.","128","Corrugated Curve supplier Kuwait","Corrugated Curve Kuwait | curved roofing sheets Kuwait | curved corrugated panels Kuwait | arched roof sheets Kuwait | Galvanized Steel supplier Kuwait"
"country-product","/countries/kuwait/products/corrugated-ridge","Kuwait","Corrugated Ridge","Corrugated Ridge Supplier in Kuwait","Corrugated Ridge Supplier Kuwait | Roof Ridge Caps","62","Kuwait Corrugated Ridge enquiries. Compare Profile match, angle, colour, quantity, processing needs, documents and delivery point.","130","Corrugated Ridge supplier Kuwait","Corrugated Ridge Kuwait | roof ridge caps Kuwait | corrugated ridge flashing Kuwait | metal ridge cover Kuwait | Galvanized Steel supplier Kuwait"
"country-product","/countries/kuwait/products/gutter-and-flashing","Kuwait","Gutter and Flashing","Gutter and Flashing Supplier in Kuwait","Gutter and Flashing Supplier Kuwait","47","Kuwait Gutter and Flashing enquiries. Compare Profile drawing, thickness, colour, quantity, processing needs, documents and delivery point.","139","Gutter and Flashing supplier Kuwait","Gutter and Flashing Kuwait | roof gutters Kuwait | metal flashing Kuwait | GI flashing Kuwait | Galvanized Steel supplier Kuwait"
"country-product","/countries/kuwait/products/gi-decking-sheet","Kuwait","GI Decking Sheet - 45/150 and 75/305","GI Decking Sheet - 45/150 and 75/305 Supplier in Kuwait","GI Decking Sheet - 45/150 and 75/305 Supplier Kuwait","64","Kuwait GI Decking Sheet - 45/150 and 75/305 enquiries. Compare Profile, thickness, length, quantity, processing needs, documents and delivery point.","148","GI Decking Sheet - 45/150 and 75/305 supplier Kuwait","GI Decking Sheet - 45/150 and 75/305 Kuwait | 45/150 decking sheet Kuwait | 75/305 decking sheet Kuwait | metal deck sheet Kuwait | Galvanized Steel supplier Kuwait"
"country-product","/countries/kuwait/products/shear-studs","Kuwait","Shear Studs","Shear Studs Supplier in Kuwait","Shear Studs Supplier Kuwait | Deck Shear Connectors","63","Kuwait Shear Studs enquiries. Compare Stud diameter, height, deck profile and drawing reference, quantity, processing needs, documents and delivery point.","154","Shear Studs supplier Kuwait","Shear Studs Kuwait | shear connectors Kuwait | deck shear studs Kuwait | headed studs Kuwait | Galvanized Steel supplier Kuwait"
"country-product","/countries/kuwait/products/c-purlins","Kuwait","C Purlins","C Purlins Supplier in Kuwait","C Purlins Supplier Kuwait | Galvanized C Purlins","60","Kuwait C Purlins enquiries. Compare Section size, thickness, length, quantity, processing needs, documents and delivery point.","126","C Purlins supplier Kuwait","C Purlins Kuwait | galvanized C purlins Kuwait | C channel purlins Kuwait | roof purlins Kuwait | Galvanized Steel supplier Kuwait"
"country-product","/countries/kuwait/products/z-purlins","Kuwait","Z Purlins","Z Purlins Supplier in Kuwait","Z Purlins Supplier Kuwait | Galvanized Z Purlins","60","Kuwait Z Purlins enquiries. Compare Section size, thickness, length, quantity, processing needs, documents and delivery point.","126","Z Purlins supplier Kuwait","Z Purlins Kuwait | galvanized Z purlins Kuwait | Z section purlins Kuwait | roof purlins Kuwait | Galvanized Steel supplier Kuwait"
"country-product","/countries/kuwait/products/drywall-partition-systems","Kuwait","Dry Wall Partition Systems","Dry Wall Partition Systems Supplier in Kuwait","Drywall Systems Supplier Kuwait | GI Stud & Track","61","Kuwait Drywall Systems enquiries. Compare Gauge, profile, quantity, processing needs, documents and delivery point.","115","Drywall Systems supplier Kuwait","Dry Wall Partition Systems Kuwait | GI studs and tracks Kuwait | drywall metal framing Kuwait | partition profiles Kuwait | Galvanized Steel supplier Kuwait"
"country-product","/countries/kuwait/products/strut-track","Kuwait","Strut & Track","Strut & Track Supplier in Kuwait","Strut & Track Supplier Kuwait | MEP Strut Channels","62","Kuwait Strut & Track enquiries. Compare Channel size, finish, length, quantity, processing needs, documents and delivery point.","127","Strut & Track supplier Kuwait","Strut & Track Kuwait | strut channels Kuwait | support channels Kuwait | MEP strut systems Kuwait | Galvanized Steel supplier Kuwait"
"country-product","/countries/kuwait/products/gi-pipe","Kuwait","GI Pipe","GI Pipe Supplier in Kuwait","GI Pipe Supplier Kuwait | Galvanized Steel Pipe","59","Kuwait GI Pipe enquiries. Compare Diameter, wall thickness, length, quantity, processing needs, documents and delivery point.","125","GI Pipe supplier Kuwait","GI Pipe Kuwait | galvanized steel pipe Kuwait | GI tubes Kuwait | galvanized pipe Kuwait | Galvanized Steel supplier Kuwait"
"country-product","/countries/kuwait/products/aluminium-coil","Kuwait","Aluminium Coil","Aluminium Coil Supplier in Kuwait","Aluminium Coil Supplier Kuwait | Aluminium Sheet Coil","65","Kuwait Aluminium Coil enquiries. Compare Alloy, thickness, width, quantity, processing needs, documents and delivery point.","123","Aluminium Coil supplier Kuwait","Aluminium Coil Kuwait | aluminium coils Kuwait | aluminium sheet coil Kuwait | roofing aluminium coil Kuwait | Aluminium supplier Kuwait"
"country-product","/countries/kuwait/products/aluminium-plain-sheet","Kuwait","Aluminium Plain Sheet","Aluminium Plain Sheet Supplier in Kuwait","Aluminium Plain Sheet Supplier Kuwait","49","Kuwait Aluminium Plain Sheet enquiries. Compare Alloy, thickness, sheet size, quantity, processing needs, documents and delivery point.","135","Aluminium Plain Sheet supplier Kuwait","Aluminium Plain Sheet Kuwait | aluminium sheet Kuwait | plain aluminium sheets Kuwait | aluminium plate sheet Kuwait | Aluminium supplier Kuwait"
"country-product","/countries/kuwait/products/pre-painted-aluminium-coils","Kuwait","Pre-painted Aluminium Coils","Pre-painted Aluminium Coils Supplier in Kuwait","Pre-Painted Aluminium Coil Supplier Kuwait","54","Kuwait Pre-Painted Aluminium Coil enquiries. Compare Colour/RAL, alloy, thickness, quantity, processing needs, documents and delivery point.","140","Pre-Painted Aluminium Coil supplier Kuwait","Pre-painted Aluminium Coils Kuwait | colour coated aluminium coil Kuwait | prepainted aluminium coil Kuwait | coated aluminium Kuwait | Aluminium supplier Kuwait"
"country-product","/countries/kuwait/products/pfmb-psmr-aluminium-alloy-3003-h14-coils","Kuwait","PFMB/PSMR Aluminium Alloy 3003-H14 Coils","PFMB/PSMR Aluminium Alloy 3003-H14 Coils Supplier in Kuwait","PFMB/PSMR 3003-H14 Aluminium Coils Supplier Kuwait","62","Kuwait PFMB/PSMR 3003-H14 Aluminium Coils enquiries. Compare Alloy, coating type, micron, quantity, processing needs, documents and delivery point.","147","PFMB/PSMR 3003-H14 Aluminium Coils supplier Kuwait","PFMB/PSMR Aluminium Alloy 3003-H14 Coils Kuwait | 3003-H14 aluminium coil Kuwait | PSMR 75 micron coating Kuwait | coated aluminium coil Kuwait | Aluminium supplier Kuwait"
"country-product","/countries/saudi-arabia/products/ms-hollow-sections","Saudi Arabia","MS Hollow Sections","MS Hollow Sections Supplier for Saudi Arabia","MS Hollow Sections Supplier Saudi Arabia | RHS & SHS","64","MS Hollow Sections supply for Saudi Arabia projects. State Section size, wall thickness, length, quantity or release stages, documents and delivery city.","153","MS Hollow Sections supplier Saudi Arabia","MS Hollow Sections Saudi Arabia | RHS sections Saudi Arabia | SHS sections Saudi Arabia | mild steel hollow sections Saudi Arabia | Mild Steel Products supplier Saudi Arabia"
"country-product","/countries/saudi-arabia/products/ms-beams","Saudi Arabia","MS Beams","MS Beams Supplier for Saudi Arabia","MS Beams Supplier Saudi Arabia","42","MS Beams supply for Saudi Arabia projects. State Beam size, length, grade, quantity or release stages, documents and delivery city.","131","MS Beams supplier Saudi Arabia","MS Beams Saudi Arabia | I beams Saudi Arabia | H beams Saudi Arabia | structural steel beams Saudi Arabia | Mild Steel Products supplier Saudi Arabia"
"country-product","/countries/saudi-arabia/products/ms-channels","Saudi Arabia","MS Channels","MS Channels Supplier for Saudi Arabia","MS Channels Supplier Saudi Arabia","45","MS Channels supply for Saudi Arabia projects. State Channel size, length, thickness/weight, quantity or release stages, documents and delivery city.","148","MS Channels supplier Saudi Arabia","MS Channels Saudi Arabia | C channels Saudi Arabia | U channels Saudi Arabia | mild steel channels Saudi Arabia | Mild Steel Products supplier Saudi Arabia"
"country-product","/countries/saudi-arabia/products/ms-bars","Saudi Arabia","MS Bars","MS Bars Supplier for Saudi Arabia","MS Bars Supplier Saudi Arabia","41","MS Bars supply for Saudi Arabia projects. State Bar type, size, length, quantity or release stages, documents and delivery city.","128","MS Bars supplier Saudi Arabia","MS Bars Saudi Arabia | round bars Saudi Arabia | flat bars Saudi Arabia | square bars Saudi Arabia | Mild Steel Products supplier Saudi Arabia"
"country-product","/countries/saudi-arabia/products/ms-angles","Saudi Arabia","MS Angles","MS Angles Supplier for Saudi Arabia","MS Angles Supplier Saudi Arabia","43","MS Angles supply for Saudi Arabia projects. State Angle size, thickness, length, quantity or release stages, documents and delivery city.","137","MS Angles supplier Saudi Arabia","MS Angles Saudi Arabia | equal angles Saudi Arabia | unequal angles Saudi Arabia | mild steel angles Saudi Arabia | Mild Steel Products supplier Saudi Arabia"
"country-product","/countries/saudi-arabia/products/hr-coils-ms","Saudi Arabia","HR Coils - MS","HR Coils - MS Supplier for Saudi Arabia","HR Coils - MS Supplier Saudi Arabia","47","HR Coils - MS supply for Saudi Arabia projects. State Thickness, width, grade, quantity or release stages, documents and delivery city.","135","HR Coils - MS supplier Saudi Arabia","HR Coils - MS Saudi Arabia | hot rolled steel coil Saudi Arabia | HR steel coil Saudi Arabia | mild steel coil Saudi Arabia | Mild Steel Products supplier Saudi Arabia"
"country-product","/countries/saudi-arabia/products/cr-coils-ms","Saudi Arabia","CR Coils - MS","CR Coils - MS Supplier for Saudi Arabia","CR Coils - MS Supplier Saudi Arabia","47","CR Coils - MS supply for Saudi Arabia projects. State Thickness, width, surface requirement, quantity or release stages, documents and delivery city.","149","CR Coils - MS supplier Saudi Arabia","CR Coils - MS Saudi Arabia | cold rolled steel coil Saudi Arabia | CR steel coil Saudi Arabia | cold rolled sheet coil Saudi Arabia | Mild Steel Products supplier Saudi Arabia"
"country-product","/countries/saudi-arabia/products/ms-sheets","Saudi Arabia","MS Sheets","MS Sheets Supplier for Saudi Arabia","MS Sheets Supplier Saudi Arabia | Mild Steel Sheets","63","MS Sheets supply for Saudi Arabia projects. State Thickness, sheet size, grade, quantity or release stages, documents and delivery city.","136","MS Sheets supplier Saudi Arabia","MS Sheets Saudi Arabia | mild steel sheet Saudi Arabia | steel sheets Saudi Arabia | fabrication sheet Saudi Arabia | Mild Steel Products supplier Saudi Arabia"
"country-product","/countries/saudi-arabia/products/ms-plates","Saudi Arabia","MS Plates","MS Plates Supplier for Saudi Arabia","MS Plates Supplier Saudi Arabia | Mild Steel Plates","63","MS Plates supply for Saudi Arabia projects. State Thickness, plate size, grade, quantity or release stages, documents and delivery city.","136","MS Plates supplier Saudi Arabia","MS Plates Saudi Arabia | mild steel plates Saudi Arabia | steel plate Saudi Arabia | structural plates Saudi Arabia | Mild Steel Products supplier Saudi Arabia"
"country-product","/countries/saudi-arabia/products/mild-steel-gratings","Saudi Arabia","Mild Steel Gratings","Mild Steel Gratings Supplier for Saudi Arabia","MS Gratings Supplier Saudi Arabia | Steel Grating","61","MS Gratings supply for Saudi Arabia projects. State Panel size, load requirement, finish, quantity or release stages, documents and delivery city.","146","MS Gratings supplier Saudi Arabia","Mild Steel Gratings Saudi Arabia | steel grating panels Saudi Arabia | walkway grating Saudi Arabia | industrial grating Saudi Arabia | Mild Steel Products supplier Saudi Arabia"
"country-product","/countries/saudi-arabia/products/decking-sheets-ms","Saudi Arabia","Decking Sheets (MS)","Decking Sheets (MS) Supplier for Saudi Arabia","Decking Sheets (MS) Supplier Saudi Arabia","53","Decking Sheets (MS) supply for Saudi Arabia projects. State Profile, thickness, length, quantity or release stages, documents and delivery city.","144","Decking Sheets (MS) supplier Saudi Arabia","Decking Sheets (MS) Saudi Arabia | metal decking sheets Saudi Arabia | composite deck sheets Saudi Arabia | MS deck profile Saudi Arabia | Mild Steel Products supplier Saudi Arabia"
"country-product","/countries/saudi-arabia/products/ms-shear-studs","Saudi Arabia","MS Shear Studs","MS Shear Studs Supplier for Saudi Arabia","MS Shear Studs Supplier Saudi Arabia","48","MS Shear Studs supply for Saudi Arabia projects. State Stud diameter, height, profile and drawing reference, quantity or release stages, documents.","147","MS Shear Studs supplier Saudi Arabia","MS Shear Studs Saudi Arabia | shear connectors Saudi Arabia | deck shear studs Saudi Arabia | stud welding Saudi Arabia | Mild Steel Products supplier Saudi Arabia"
"country-product","/countries/saudi-arabia/products/ss-coil","Saudi Arabia","SS Coil","SS Coil Supplier for Saudi Arabia","SS Coil Supplier Saudi Arabia | Stainless Steel Coil","64","SS Coil supply for Saudi Arabia projects. State Grade, thickness, width, quantity or release stages, documents and delivery city.","129","SS Coil supplier Saudi Arabia","SS Coil Saudi Arabia | stainless steel coil Saudi Arabia | SS coils Saudi Arabia | stainless coil Saudi Arabia | Stainless Steel supplier Saudi Arabia"
"country-product","/countries/saudi-arabia/products/ss-wire","Saudi Arabia","SS Wire","SS Wire Supplier for Saudi Arabia","SS Wire Supplier Saudi Arabia | Stainless Steel Wire","64","SS Wire supply for Saudi Arabia projects. State Wire diameter, grade, finish, quantity or release stages, documents and delivery city.","134","SS Wire supplier Saudi Arabia","SS Wire Saudi Arabia | stainless steel wire Saudi Arabia | SS wire coil Saudi Arabia | stainless wire Saudi Arabia | Stainless Steel supplier Saudi Arabia"
"country-product","/countries/saudi-arabia/products/ss-plain-sheet","Saudi Arabia","SS Plain Sheet","SS Plain Sheet Supplier for Saudi Arabia","SS Plain Sheet Supplier Saudi Arabia","48","SS Plain Sheet supply for Saudi Arabia projects. State Grade, thickness, finish, quantity or release stages, documents and delivery city.","137","SS Plain Sheet supplier Saudi Arabia","SS Plain Sheet Saudi Arabia | stainless steel sheet Saudi Arabia | SS sheet Saudi Arabia | stainless plain sheet Saudi Arabia | Stainless Steel supplier Saudi Arabia"
"country-product","/countries/saudi-arabia/products/ss-slitted-coil","Saudi Arabia","SS Slitted Coil","SS Slitted Coil Supplier for Saudi Arabia","SS Slitted Coil Supplier Saudi Arabia","49","SS Slitted Coil supply for Saudi Arabia projects. State Grade, thickness, slit width, quantity or release stages, documents and delivery city.","142","SS Slitted Coil supplier Saudi Arabia","SS Slitted Coil Saudi Arabia | stainless slit coil Saudi Arabia | SS slit coil Saudi Arabia | stainless steel strips Saudi Arabia | Stainless Steel supplier Saudi Arabia"
"country-product","/countries/saudi-arabia/products/gi-coil","Saudi Arabia","GI Coil","GI Coil Supplier for Saudi Arabia","GI Coil Supplier Saudi Arabia | Galvanized Coil","59","GI coil supply for Saudi Arabia projects. Specify galvanized coil grade, thickness, width, zinc coating, phased quantity, documents and delivery city.","150","GI coil supplier Saudi Arabia","galvanized steel coil Saudi Arabia | GI coil Riyadh | GI coil Dammam | zinc coated steel coil Saudi Arabia | roofing coil Saudi Arabia"
"country-product","/countries/saudi-arabia/products/ppgi-coil","Saudi Arabia","PPGI Coil","PPGI Coil Supplier for Saudi Arabia","PPGI Coil Supplier Saudi Arabia | Pre-Painted GI Coil","65","PPGI Coil supply for Saudi Arabia projects. State Colour/RAL, coating, thickness, quantity or release stages, documents and delivery city.","138","PPGI Coil supplier Saudi Arabia","PPGI Coil Saudi Arabia | pre-painted galvanized coil Saudi Arabia | colour coated steel coil Saudi Arabia | PPGI steel coil Saudi Arabia | Galvanized Steel supplier Saudi Arabia"
"country-product","/countries/saudi-arabia/products/aluzinc-coil","Saudi Arabia","Aluzinc Coil","Aluzinc Coil Supplier for Saudi Arabia","Aluzinc Coil Supplier Saudi Arabia","46","Aluzinc Coil supply for Saudi Arabia projects. State Coating, thickness, width, quantity or release stages, documents and delivery city.","136","Aluzinc Coil supplier Saudi Arabia","Aluzinc Coil Saudi Arabia | aluminium-zinc coil Saudi Arabia | Aluzinc steel coil Saudi Arabia | AZ coated coil Saudi Arabia | Galvanized Steel supplier Saudi Arabia"
"country-product","/countries/saudi-arabia/products/pvdf-coils","Saudi Arabia","PVDF Coils","PVDF Coils Supplier for Saudi Arabia","PVDF Coils Supplier Saudi Arabia | PVDF Coated Steel","64","PVDF Coils supply for Saudi Arabia projects. State PVDF coating, colour, thickness, quantity or release stages, documents and delivery city.","140","PVDF Coils supplier Saudi Arabia","PVDF Coils Saudi Arabia | PVDF coated coil Saudi Arabia | colour coated steel coil Saudi Arabia | architectural coated coil Saudi Arabia | Galvanized Steel supplier Saudi Arabia"
"country-product","/countries/saudi-arabia/products/gi-plain-sheet","Saudi Arabia","GI Plain Sheet","GI Plain Sheet Supplier for Saudi Arabia","GI Plain Sheet Supplier Saudi Arabia","48","GI Plain Sheet supply for Saudi Arabia projects. State Thickness, sheet size, coating, quantity or release stages, documents and delivery city.","143","GI Plain Sheet supplier Saudi Arabia","GI Plain Sheet Saudi Arabia | galvanized steel sheet Saudi Arabia | GI sheet Saudi Arabia | zinc coated sheet Saudi Arabia | Galvanized Steel supplier Saudi Arabia"
"country-product","/countries/saudi-arabia/products/gi-slitted-coils","Saudi Arabia","GI Slitted Coils","GI Slitted Coils Supplier for Saudi Arabia","GI Slitted Coils Supplier Saudi Arabia","50","GI Slitted Coils supply for Saudi Arabia projects. State Thickness, slit width, coating GSM, quantity or release stages, documents and delivery city.","149","GI Slitted Coils supplier Saudi Arabia","GI Slitted Coils Saudi Arabia | galvanized slit coils Saudi Arabia | GI steel strips Saudi Arabia | zinc coated strip Saudi Arabia | Galvanized Steel supplier Saudi Arabia"
"country-product","/countries/saudi-arabia/products/ppgi-slitted-coils","Saudi Arabia","PPGI Slitted Coils","PPGI Slitted Coils Supplier for Saudi Arabia","PPGI Slitted Coils Supplier Saudi Arabia","52","PPGI Slitted Coils supply for Saudi Arabia projects. State Colour/RAL, coating, slit width, quantity or release stages, documents and delivery city.","148","PPGI Slitted Coils supplier Saudi Arabia","PPGI Slitted Coils Saudi Arabia | pre-painted slit coils Saudi Arabia | colour coated steel strips Saudi Arabia | PPGI strips Saudi Arabia | Galvanized Steel supplier Saudi Arabia"
"country-product","/countries/saudi-arabia/products/ppgi-plain-sheet","Saudi Arabia","PPGI Plain Sheet","PPGI Plain Sheet Supplier for Saudi Arabia","PPGI Plain Sheet Supplier Saudi Arabia","50","PPGI Plain Sheet supply for Saudi Arabia projects. State Colour/RAL, thickness, sheet size, quantity or release stages, documents and delivery city.","148","PPGI Plain Sheet supplier Saudi Arabia","PPGI Plain Sheet Saudi Arabia | pre-painted galvanized sheet Saudi Arabia | colour coated steel sheet Saudi Arabia | PPGI sheet Saudi Arabia | Galvanized Steel supplier Saudi Arabia"
"country-product","/countries/saudi-arabia/products/roof-insulated-panels","Saudi Arabia","Roof Insulated Panels - GI/PPGI","Roof Insulated Panels - GI/PPGI Supplier for Saudi Arabia","Roof Insulated Panels Supplier Saudi Arabia","55","Roof Insulated Panels supply for Saudi Arabia projects. State Panel thickness, skin material, colour, quantity or release stages, documents and delivery.","153","Roof Insulated Panels supplier Saudi Arabia","Roof Insulated Panels - GI/PPGI Saudi Arabia | GI roof sandwich panels Saudi Arabia | PPGI insulated roof panels Saudi Arabia | sandwich roof panels Saudi Arabia | Galvanized Steel supplier Saudi Arabia"
"country-product","/countries/saudi-arabia/products/wall-insulated-panels","Saudi Arabia","Wall Insulated Panels","Wall Insulated Panels Supplier for Saudi Arabia","Wall Insulated Panels Supplier Saudi Arabia","55","Wall Insulated Panels supply for Saudi Arabia projects. State Panel thickness, skin finish, colour, quantity or release stages, documents and delivery.","151","Wall Insulated Panels supplier Saudi Arabia","Wall Insulated Panels Saudi Arabia | sandwich wall panels Saudi Arabia | insulated steel wall panels Saudi Arabia | PPGI wall panels Saudi Arabia | Galvanized Steel supplier Saudi Arabia"
"country-product","/countries/saudi-arabia/products/corrugated-roofing-sheet","Saudi Arabia","Corrugated Roofing Sheet","Corrugated Roofing Sheet Supplier for Saudi Arabia","Corrugated Roofing Sheet Supplier Saudi Arabia","58","Corrugated Roofing Sheet supply for Saudi Arabia projects. State Profile, thickness, coating, quantity or release stages, documents and delivery city.","150","Corrugated Roofing Sheet supplier Saudi Arabia","Corrugated Roofing Sheet Saudi Arabia | GI roofing sheets Saudi Arabia | galvanized corrugated sheets Saudi Arabia | metal roofing sheets Saudi Arabia | Galvanized Steel supplier Saudi Arabia"
"country-product","/countries/saudi-arabia/products/corrugated-wall-sheet","Saudi Arabia","Corrugated Wall Sheet","Corrugated Wall Sheet Supplier for Saudi Arabia","Corrugated Wall Sheet Supplier Saudi Arabia","55","Corrugated Wall Sheet supply for Saudi Arabia projects. State Profile, thickness, coating, quantity or release stages, documents and delivery city.","147","Corrugated Wall Sheet supplier Saudi Arabia","Corrugated Wall Sheet Saudi Arabia | corrugated wall cladding Saudi Arabia | GI wall sheets Saudi Arabia | metal cladding sheets Saudi Arabia | Galvanized Steel supplier Saudi Arabia"
"country-product","/countries/saudi-arabia/products/corrugated-fence-sheet-panel","Saudi Arabia","Corrugated Fence Sheet / Panel","Corrugated Fence Sheet / Panel Supplier for Saudi Arabia","Corrugated Fence Panels Supplier Saudi Arabia","57","Corrugated Fence Panels supply for Saudi Arabia projects. State Sheet height, profile, thickness, quantity or release stages, documents and delivery city.","154","Corrugated Fence Panels supplier Saudi Arabia","Corrugated Fence Sheet / Panel Saudi Arabia | GI fence panels Saudi Arabia | corrugated fencing sheets Saudi Arabia | temporary fence panels Saudi Arabia | Galvanized Steel supplier Saudi Arabia"
"country-product","/countries/saudi-arabia/products/corrugated-curve","Saudi Arabia","Corrugated Curve","Corrugated Curve Supplier for Saudi Arabia","Corrugated Curve Supplier Saudi Arabia","50","Corrugated Curve supply for Saudi Arabia projects. State Profile, radius, thickness, quantity or release stages, documents and delivery city.","141","Corrugated Curve supplier Saudi Arabia","Corrugated Curve Saudi Arabia | curved roofing sheets Saudi Arabia | curved corrugated panels Saudi Arabia | arched roof sheets Saudi Arabia | Galvanized Steel supplier Saudi Arabia"
"country-product","/countries/saudi-arabia/products/corrugated-ridge","Saudi Arabia","Corrugated Ridge","Corrugated Ridge Supplier for Saudi Arabia","Corrugated Ridge Supplier Saudi Arabia","50","Corrugated Ridge supply for Saudi Arabia projects. State Profile match, angle, colour, quantity or release stages, documents and delivery city.","143","Corrugated Ridge supplier Saudi Arabia","Corrugated Ridge Saudi Arabia | roof ridge caps Saudi Arabia | corrugated ridge flashing Saudi Arabia | metal ridge cover Saudi Arabia | Galvanized Steel supplier Saudi Arabia"
"country-product","/countries/saudi-arabia/products/gutter-and-flashing","Saudi Arabia","Gutter and Flashing","Gutter and Flashing Supplier for Saudi Arabia","Gutter and Flashing Supplier Saudi Arabia","53","Gutter and Flashing supply for Saudi Arabia projects. State Profile drawing, thickness, colour, quantity or release stages, documents and delivery city.","152","Gutter and Flashing supplier Saudi Arabia","Gutter and Flashing Saudi Arabia | roof gutters Saudi Arabia | metal flashing Saudi Arabia | GI flashing Saudi Arabia | Galvanized Steel supplier Saudi Arabia"
"country-product","/countries/saudi-arabia/products/gi-decking-sheet","Saudi Arabia","GI Decking Sheet - 45/150 and 75/305","GI Decking Sheet - 45/150 and 75/305 Supplier for Saudi Arabia","GI Decking Sheet - 45/150 and 75/305 Saudi Arabia","61","GI Decking Sheet - 45/150 and 75/305 supply for Saudi Arabia projects. State Profile, thickness, length, quantity or release stages, documents.","143","GI Decking Sheet - 45/150 and 75/305 supplier Saudi Arabia","GI Decking Sheet - 45/150 and 75/305 Saudi Arabia | 45/150 decking sheet Saudi Arabia | 75/305 decking sheet Saudi Arabia | metal deck sheet Saudi Arabia | Galvanized Steel supplier Saudi Arabia"
"country-product","/countries/saudi-arabia/products/shear-studs","Saudi Arabia","Shear Studs","Shear Studs Supplier for Saudi Arabia","Shear Studs Supplier Saudi Arabia","45","Shear Studs supply for Saudi Arabia projects. State Stud diameter, height, deck profile and drawing reference, quantity or release stages, documents.","149","Shear Studs supplier Saudi Arabia","Shear Studs Saudi Arabia | shear connectors Saudi Arabia | deck shear studs Saudi Arabia | headed studs Saudi Arabia | Galvanized Steel supplier Saudi Arabia"
"country-product","/countries/saudi-arabia/products/c-purlins","Saudi Arabia","C Purlins","C Purlins Supplier for Saudi Arabia","C Purlins Supplier Saudi Arabia","43","C Purlins supply for Saudi Arabia projects. State Section size, thickness, length, quantity or release stages, documents and delivery city.","139","C Purlins supplier Saudi Arabia","C Purlins Saudi Arabia | galvanized C purlins Saudi Arabia | C channel purlins Saudi Arabia | roof purlins Saudi Arabia | Galvanized Steel supplier Saudi Arabia"
"country-product","/countries/saudi-arabia/products/z-purlins","Saudi Arabia","Z Purlins","Z Purlins Supplier for Saudi Arabia","Z Purlins Supplier Saudi Arabia","43","Z Purlins supply for Saudi Arabia projects. State Section size, thickness, length, quantity or release stages, documents and delivery city.","139","Z Purlins supplier Saudi Arabia","Z Purlins Saudi Arabia | galvanized Z purlins Saudi Arabia | Z section purlins Saudi Arabia | roof purlins Saudi Arabia | Galvanized Steel supplier Saudi Arabia"
"country-product","/countries/saudi-arabia/products/drywall-partition-systems","Saudi Arabia","Dry Wall Partition Systems","Dry Wall Partition Systems Supplier for Saudi Arabia","Drywall Systems Supplier Saudi Arabia","49","Drywall Systems supply for Saudi Arabia projects. State Gauge, profile, quantity or release stages, documents and delivery city.","128","Drywall Systems supplier Saudi Arabia","Dry Wall Partition Systems Saudi Arabia | GI studs and tracks Saudi Arabia | drywall metal framing Saudi Arabia | partition profiles Saudi Arabia | Galvanized Steel supplier Saudi Arabia"
"country-product","/countries/saudi-arabia/products/strut-track","Saudi Arabia","Strut & Track","Strut & Track Supplier for Saudi Arabia","Strut & Track Supplier Saudi Arabia","47","Strut & Track supply for Saudi Arabia projects. State Channel size, finish, length, quantity or release stages, documents and delivery city.","140","Strut & Track supplier Saudi Arabia","Strut & Track Saudi Arabia | strut channels Saudi Arabia | support channels Saudi Arabia | MEP strut systems Saudi Arabia | Galvanized Steel supplier Saudi Arabia"
"country-product","/countries/saudi-arabia/products/gi-pipe","Saudi Arabia","GI Pipe","GI Pipe Supplier for Saudi Arabia","GI Pipe Supplier Saudi Arabia | Galvanized Steel Pipe","65","GI Pipe supply for Saudi Arabia projects. State Diameter, wall thickness, length, quantity or release stages, documents and delivery city.","138","GI Pipe supplier Saudi Arabia","GI Pipe Saudi Arabia | galvanized steel pipe Saudi Arabia | GI tubes Saudi Arabia | galvanized pipe Saudi Arabia | Galvanized Steel supplier Saudi Arabia"
"country-product","/countries/saudi-arabia/products/aluminium-coil","Saudi Arabia","Aluminium Coil","Aluminium Coil Supplier for Saudi Arabia","Aluminium Coil Supplier Saudi Arabia","48","Aluminium Coil supply for Saudi Arabia projects. State Alloy, thickness, width, quantity or release stages, documents and delivery city.","136","Aluminium Coil supplier Saudi Arabia","Aluminium Coil Saudi Arabia | aluminium coils Saudi Arabia | aluminium sheet coil Saudi Arabia | roofing aluminium coil Saudi Arabia | Aluminium supplier Saudi Arabia"
"country-product","/countries/saudi-arabia/products/aluminium-plain-sheet","Saudi Arabia","Aluminium Plain Sheet","Aluminium Plain Sheet Supplier for Saudi Arabia","Aluminium Plain Sheet Supplier Saudi Arabia","55","Aluminium Plain Sheet supply for Saudi Arabia projects. State Alloy, thickness, sheet size, quantity or release stages, documents and delivery city.","148","Aluminium Plain Sheet supplier Saudi Arabia","Aluminium Plain Sheet Saudi Arabia | aluminium sheet Saudi Arabia | plain aluminium sheets Saudi Arabia | aluminium plate sheet Saudi Arabia | Aluminium supplier Saudi Arabia"
"country-product","/countries/saudi-arabia/products/pre-painted-aluminium-coils","Saudi Arabia","Pre-painted Aluminium Coils","Pre-painted Aluminium Coils Supplier for Saudi Arabia","Pre-Painted Aluminium Coil Supplier Saudi Arabia","60","Pre-Painted Aluminium Coil supply for Saudi Arabia projects. State Colour/RAL, alloy, thickness, quantity or release stages, documents and delivery city.","153","Pre-Painted Aluminium Coil supplier Saudi Arabia","Pre-painted Aluminium Coils Saudi Arabia | colour coated aluminium coil Saudi Arabia | prepainted aluminium coil Saudi Arabia | coated aluminium Saudi Arabia | Aluminium supplier Saudi Arabia"
"country-product","/countries/saudi-arabia/products/pfmb-psmr-aluminium-alloy-3003-h14-coils","Saudi Arabia","PFMB/PSMR Aluminium Alloy 3003-H14 Coils","PFMB/PSMR Aluminium Alloy 3003-H14 Coils Supplier for Saudi Arabia","PFMB/PSMR 3003-H14 Aluminium Coils Saudi Arabia","59","PFMB/PSMR 3003-H14 Aluminium Coils supply for Saudi Arabia projects. State Alloy, coating type, micron, quantity or release stages, documents.","142","PFMB/PSMR 3003-H14 Aluminium Coils supplier Saudi Arabia","PFMB/PSMR Aluminium Alloy 3003-H14 Coils Saudi Arabia | 3003-H14 aluminium coil Saudi Arabia | PSMR 75 micron coating Saudi Arabia | coated aluminium coil Saudi Arabia | Aluminium supplier Saudi Arabia"
"country-product","/countries/iraq/products/ms-hollow-sections","Iraq","MS Hollow Sections","MS Hollow Sections Supply for Iraq Projects","MS Hollow Sections Supply Iraq | RHS & SHS","54","Iraq project RFQs for MS Hollow Sections. Specify Section size, wall thickness, length, quantity breakdown, packing, documents and destination.","143","MS Hollow Sections supplier Iraq","MS Hollow Sections Iraq | RHS sections Iraq | SHS sections Iraq | mild steel hollow sections Iraq | Mild Steel Products supplier Iraq"
"country-product","/countries/iraq/products/ms-beams","Iraq","MS Beams","MS Beams Supply for Iraq Projects","MS Beams Supply Iraq | I & H Structural Beams","57","Iraq project RFQs for MS Beams. Specify Beam size, length, grade, quantity breakdown, packing, documents and destination.","121","MS Beams supplier Iraq","MS Beams Iraq | I beams Iraq | H beams Iraq | structural steel beams Iraq | Mild Steel Products supplier Iraq"
"country-product","/countries/iraq/products/ms-channels","Iraq","MS Channels","MS Channels Supply for Iraq Projects","MS Channels Supply Iraq | C & U Steel Channels","58","Iraq project RFQs for MS Channels. Specify Channel size, length, thickness/weight, quantity breakdown, packing, documents and destination.","138","MS Channels supplier Iraq","MS Channels Iraq | C channels Iraq | U channels Iraq | mild steel channels Iraq | Mild Steel Products supplier Iraq"
"country-product","/countries/iraq/products/ms-bars","Iraq","MS Bars","MS Bars Supply for Iraq Projects","MS Bars Supply Iraq | Round, Flat & Square Bars","59","Iraq project RFQs for MS Bars. Specify Bar type, size, length, quantity breakdown, packing, documents and destination.","118","MS Bars supplier Iraq","MS Bars Iraq | round bars Iraq | flat bars Iraq | square bars Iraq | Mild Steel Products supplier Iraq"
"country-product","/countries/iraq/products/ms-angles","Iraq","MS Angles","MS Angles Supply for Iraq Projects","MS Angles Supply Iraq | Equal & Unequal Angles","58","Iraq project RFQs for MS Angles. Specify Angle size, thickness, length, quantity breakdown, packing, documents and destination.","127","MS Angles supplier Iraq","MS Angles Iraq | equal angles Iraq | unequal angles Iraq | mild steel angles Iraq | Mild Steel Products supplier Iraq"
"country-product","/countries/iraq/products/hr-coils-ms","Iraq","HR Coils - MS","HR Coils - MS Supply for Iraq Projects","HR Coils - MS Supply Iraq | Hot Rolled Steel Coil","61","Iraq project RFQs for HR Coils - MS. Specify Thickness, width, grade, quantity breakdown, packing, documents and destination.","125","HR Coils - MS supplier Iraq","HR Coils - MS Iraq | hot rolled steel coil Iraq | HR steel coil Iraq | mild steel coil Iraq | Mild Steel Products supplier Iraq"
"country-product","/countries/iraq/products/cr-coils-ms","Iraq","CR Coils - MS","CR Coils - MS Supply for Iraq Projects","CR Coils - MS Supply Iraq | Cold Rolled Steel Coil","62","Iraq project RFQs for CR Coils - MS. Specify Thickness, width, surface requirement, quantity breakdown, packing, documents and destination.","139","CR Coils - MS supplier Iraq","CR Coils - MS Iraq | cold rolled steel coil Iraq | CR steel coil Iraq | cold rolled sheet coil Iraq | Mild Steel Products supplier Iraq"
"country-product","/countries/iraq/products/ms-sheets","Iraq","MS Sheets","MS Sheets Supply for Iraq Projects","MS Sheets Supply Iraq | Mild Steel Sheets","53","Iraq project RFQs for MS Sheets. Specify Thickness, sheet size, grade, quantity breakdown, packing, documents and destination.","126","MS Sheets supplier Iraq","MS Sheets Iraq | mild steel sheet Iraq | steel sheets Iraq | fabrication sheet Iraq | Mild Steel Products supplier Iraq"
"country-product","/countries/iraq/products/ms-plates","Iraq","MS Plates","MS Plates Supply for Iraq Projects","MS Plates Supply Iraq | Mild Steel Plates","53","Iraq project RFQs for MS Plates. Specify Thickness, plate size, grade, quantity breakdown, packing, documents and destination.","126","MS Plates supplier Iraq","MS Plates Iraq | mild steel plates Iraq | steel plate Iraq | structural plates Iraq | Mild Steel Products supplier Iraq"
"country-product","/countries/iraq/products/mild-steel-gratings","Iraq","Mild Steel Gratings","Mild Steel Gratings Supply for Iraq Projects","MS Gratings Supply Iraq | Steel Grating","51","Iraq project RFQs for MS Gratings. Specify Panel size, load requirement, finish, quantity breakdown, packing, documents and destination.","136","MS Gratings supplier Iraq","Mild Steel Gratings Iraq | steel grating panels Iraq | walkway grating Iraq | industrial grating Iraq | Mild Steel Products supplier Iraq"
"country-product","/countries/iraq/products/decking-sheets-ms","Iraq","Decking Sheets (MS)","Decking Sheets (MS) Supply for Iraq Projects","Decking Sheets (MS) Supply Iraq | Metal Deck","56","Iraq project RFQs for Decking Sheets (MS). Specify Profile, thickness, length, quantity breakdown, packing, documents and destination.","134","Decking Sheets (MS) supplier Iraq","Decking Sheets (MS) Iraq | metal decking sheets Iraq | composite deck sheets Iraq | MS deck profile Iraq | Mild Steel Products supplier Iraq"
"country-product","/countries/iraq/products/ms-shear-studs","Iraq","MS Shear Studs","MS Shear Studs Supply for Iraq Projects","MS Shear Studs Supply Iraq | Deck Shear Studs","57","Iraq project RFQs for MS Shear Studs. Specify Stud diameter, height, profile and drawing reference, quantity breakdown, packing, documents and destination.","155","MS Shear Studs supplier Iraq","MS Shear Studs Iraq | shear connectors Iraq | deck shear studs Iraq | stud welding Iraq | Mild Steel Products supplier Iraq"
"country-product","/countries/iraq/products/ss-coil","Iraq","SS Coil","SS Coil Supply for Iraq Projects","SS Coil Supply Iraq | Stainless Steel Coil","54","Iraq project RFQs for SS Coil. Specify Grade, thickness, width, quantity breakdown, packing, documents and destination.","119","SS Coil supplier Iraq","SS Coil Iraq | stainless steel coil Iraq | SS coils Iraq | stainless coil Iraq | Stainless Steel supplier Iraq"
"country-product","/countries/iraq/products/ss-wire","Iraq","SS Wire","SS Wire Supply for Iraq Projects","SS Wire Supply Iraq | Stainless Steel Wire","54","Iraq project RFQs for SS Wire. Specify Wire diameter, grade, finish, quantity breakdown, packing, documents and destination.","124","SS Wire supplier Iraq","SS Wire Iraq | stainless steel wire Iraq | SS wire coil Iraq | stainless wire Iraq | Stainless Steel supplier Iraq"
"country-product","/countries/iraq/products/ss-plain-sheet","Iraq","SS Plain Sheet","SS Plain Sheet Supply for Iraq Projects","SS Plain Sheet Supply Iraq | Stainless Sheet","56","Iraq project RFQs for SS Plain Sheet. Specify Grade, thickness, finish, quantity breakdown, packing, documents and destination.","127","SS Plain Sheet supplier Iraq","SS Plain Sheet Iraq | stainless steel sheet Iraq | SS sheet Iraq | stainless plain sheet Iraq | Stainless Steel supplier Iraq"
"country-product","/countries/iraq/products/ss-slitted-coil","Iraq","SS Slitted Coil","SS Slitted Coil Supply for Iraq Projects","SS Slitted Coil Supply Iraq | Stainless Strips","58","Iraq project RFQs for SS Slitted Coil. Specify Grade, thickness, slit width, quantity breakdown, packing, documents and destination.","132","SS Slitted Coil supplier Iraq","SS Slitted Coil Iraq | stainless slit coil Iraq | SS slit coil Iraq | stainless steel strips Iraq | Stainless Steel supplier Iraq"
"country-product","/countries/iraq/products/gi-coil","Iraq","GI Coil","GI Coil Supply for Iraq Projects","GI Coil Supply for Iraq | Galvanized Steel Coil","59","GI coil supply for Iraq project RFQs. Specify galvanized coil thickness, width, zinc coating, grade, quantity split, packing, documents and destination.","152","GI coil Iraq","galvanized steel coil Iraq | GI coil supplier Iraq | zinc coated coil Iraq | roofing GI coil Iraq | galvanized coil Basra"
"country-product","/countries/iraq/products/ppgi-coil","Iraq","PPGI Coil","PPGI Coil Supply for Iraq Projects","PPGI Coil Supply Iraq | Pre-Painted GI Coil","55","Iraq project RFQs for PPGI Coil. Specify Colour/RAL, coating, thickness, quantity breakdown, packing, documents and destination.","128","PPGI Coil supplier Iraq","PPGI Coil Iraq | pre-painted galvanized coil Iraq | colour coated steel coil Iraq | PPGI steel coil Iraq | Galvanized Steel supplier Iraq"
"country-product","/countries/iraq/products/aluzinc-coil","Iraq","Aluzinc Coil","Aluzinc Coil Supply for Iraq Projects","Aluzinc Coil Supply Iraq | Aluminium-Zinc Coil","58","Iraq project RFQs for Aluzinc Coil. Specify Coating, thickness, width, quantity breakdown, packing, documents and destination.","126","Aluzinc Coil supplier Iraq","Aluzinc Coil Iraq | aluminium-zinc coil Iraq | Aluzinc steel coil Iraq | AZ coated coil Iraq | Galvanized Steel supplier Iraq"
"country-product","/countries/iraq/products/pvdf-coils","Iraq","PVDF Coils","PVDF Coils Supply for Iraq Projects","PVDF Coils Supply Iraq | PVDF Coated Steel","54","Iraq project RFQs for PVDF Coils. Specify PVDF coating, colour, thickness, quantity breakdown, packing, documents and destination.","130","PVDF Coils supplier Iraq","PVDF Coils Iraq | PVDF coated coil Iraq | colour coated steel coil Iraq | architectural coated coil Iraq | Galvanized Steel supplier Iraq"
"country-product","/countries/iraq/products/gi-plain-sheet","Iraq","GI Plain Sheet","GI Plain Sheet Supply for Iraq Projects","GI Plain Sheet Supply Iraq | Galvanized Sheet","57","Iraq project RFQs for GI Plain Sheet. Specify Thickness, sheet size, coating, quantity breakdown, packing, documents and destination.","133","GI Plain Sheet supplier Iraq","GI Plain Sheet Iraq | galvanized steel sheet Iraq | GI sheet Iraq | zinc coated sheet Iraq | Galvanized Steel supplier Iraq"
"country-product","/countries/iraq/products/gi-slitted-coils","Iraq","GI Slitted Coils","GI Slitted Coils Supply for Iraq Projects","GI Slitted Coils Supply Iraq | Galvanized Strips","60","Iraq project RFQs for GI Slitted Coils. Specify Thickness, slit width, coating GSM, quantity breakdown, packing, documents and destination.","139","GI Slitted Coils supplier Iraq","GI Slitted Coils Iraq | galvanized slit coils Iraq | GI steel strips Iraq | zinc coated strip Iraq | Galvanized Steel supplier Iraq"
"country-product","/countries/iraq/products/ppgi-slitted-coils","Iraq","PPGI Slitted Coils","PPGI Slitted Coils Supply for Iraq Projects","PPGI Slitted Coils Supply Iraq | Coated Strips","58","Iraq project RFQs for PPGI Slitted Coils. Specify Colour/RAL, coating, slit width, quantity breakdown, packing, documents and destination.","138","PPGI Slitted Coils supplier Iraq","PPGI Slitted Coils Iraq | pre-painted slit coils Iraq | colour coated steel strips Iraq | PPGI strips Iraq | Galvanized Steel supplier Iraq"
"country-product","/countries/iraq/products/ppgi-plain-sheet","Iraq","PPGI Plain Sheet","PPGI Plain Sheet Supply for Iraq Projects","PPGI Plain Sheet Supply Iraq | Coated Steel Sheet","61","Iraq project RFQs for PPGI Plain Sheet. Specify Colour/RAL, thickness, sheet size, quantity breakdown, packing, documents and destination.","138","PPGI Plain Sheet supplier Iraq","PPGI Plain Sheet Iraq | pre-painted galvanized sheet Iraq | colour coated steel sheet Iraq | PPGI sheet Iraq | Galvanized Steel supplier Iraq"
"country-product","/countries/iraq/products/roof-insulated-panels","Iraq","Roof Insulated Panels - GI/PPGI","Roof Insulated Panels - GI/PPGI Supply for Iraq Projects","Roof Insulated Panels Supply Iraq | GI/PPGI Panels","62","Iraq project RFQs for Roof Insulated Panels. Specify Panel thickness, skin material, colour, quantity breakdown, packing, documents and destination.","148","Roof Insulated Panels supplier Iraq","Roof Insulated Panels - GI/PPGI Iraq | GI roof sandwich panels Iraq | PPGI insulated roof panels Iraq | sandwich roof panels Iraq | Galvanized Steel supplier Iraq"
"country-product","/countries/iraq/products/wall-insulated-panels","Iraq","Wall Insulated Panels","Wall Insulated Panels Supply for Iraq Projects","Wall Insulated Panels Supply Iraq | Sandwich Panels","63","Iraq project RFQs for Wall Insulated Panels. Specify Panel thickness, skin finish, colour, quantity breakdown, packing, documents and destination.","146","Wall Insulated Panels supplier Iraq","Wall Insulated Panels Iraq | sandwich wall panels Iraq | insulated steel wall panels Iraq | PPGI wall panels Iraq | Galvanized Steel supplier Iraq"
"country-product","/countries/iraq/products/corrugated-roofing-sheet","Iraq","Corrugated Roofing Sheet","Corrugated Roofing Sheet Supply for Iraq Projects","Corrugated Roofing Sheet Supply Iraq | GI Roofing","61","Iraq project RFQs for Corrugated Roofing Sheet. Specify Profile, thickness, coating, quantity breakdown, packing, documents and destination.","140","Corrugated Roofing Sheet supplier Iraq","Corrugated Roofing Sheet Iraq | GI roofing sheets Iraq | galvanized corrugated sheets Iraq | metal roofing sheets Iraq | Galvanized Steel supplier Iraq"
"country-product","/countries/iraq/products/corrugated-wall-sheet","Iraq","Corrugated Wall Sheet","Corrugated Wall Sheet Supply for Iraq Projects","Corrugated Wall Sheet Supply Iraq | GI Cladding","59","Iraq project RFQs for Corrugated Wall Sheet. Specify Profile, thickness, coating, quantity breakdown, packing, documents and destination.","137","Corrugated Wall Sheet supplier Iraq","Corrugated Wall Sheet Iraq | corrugated wall cladding Iraq | GI wall sheets Iraq | metal cladding sheets Iraq | Galvanized Steel supplier Iraq"
"country-product","/countries/iraq/products/corrugated-fence-sheet-panel","Iraq","Corrugated Fence Sheet / Panel","Corrugated Fence Sheet / Panel Supply for Iraq Projects","Corrugated Fence Panels Supply Iraq | GI Panels","59","Iraq project RFQs for Corrugated Fence Panels. Specify Sheet height, profile, thickness, quantity breakdown, packing, documents and destination.","144","Corrugated Fence Panels supplier Iraq","Corrugated Fence Sheet / Panel Iraq | GI fence panels Iraq | corrugated fencing sheets Iraq | temporary fence panels Iraq | Galvanized Steel supplier Iraq"
"country-product","/countries/iraq/products/corrugated-curve","Iraq","Corrugated Curve","Corrugated Curve Supply for Iraq Projects","Corrugated Curve Supply Iraq | Curved Roofing","57","Iraq project RFQs for Corrugated Curve. Specify Profile, radius, thickness, quantity breakdown, packing, documents and destination.","131","Corrugated Curve supplier Iraq","Corrugated Curve Iraq | curved roofing sheets Iraq | curved corrugated panels Iraq | arched roof sheets Iraq | Galvanized Steel supplier Iraq"
"country-product","/countries/iraq/products/corrugated-ridge","Iraq","Corrugated Ridge","Corrugated Ridge Supply for Iraq Projects","Corrugated Ridge Supply Iraq | Roof Ridge Caps","58","Iraq project RFQs for Corrugated Ridge. Specify Profile match, angle, colour, quantity breakdown, packing, documents and destination.","133","Corrugated Ridge supplier Iraq","Corrugated Ridge Iraq | roof ridge caps Iraq | corrugated ridge flashing Iraq | metal ridge cover Iraq | Galvanized Steel supplier Iraq"
"country-product","/countries/iraq/products/gutter-and-flashing","Iraq","Gutter and Flashing","Gutter and Flashing Supply for Iraq Projects","Gutter and Flashing Supply Iraq | Roof Accessories","62","Iraq project RFQs for Gutter and Flashing. Specify Profile drawing, thickness, colour, quantity breakdown, packing, documents and destination.","142","Gutter and Flashing supplier Iraq","Gutter and Flashing Iraq | roof gutters Iraq | metal flashing Iraq | GI flashing Iraq | Galvanized Steel supplier Iraq"
"country-product","/countries/iraq/products/gi-decking-sheet","Iraq","GI Decking Sheet - 45/150 and 75/305","GI Decking Sheet - 45/150 and 75/305 Supply for Iraq Projects","GI Decking Sheet - 45/150 and 75/305 Supplier Iraq","62","Iraq project RFQs for GI Decking Sheet - 45/150 and 75/305. Specify Profile, thickness, length, quantity breakdown, packing, documents and destination.","151","GI Decking Sheet - 45/150 and 75/305 supplier Iraq","GI Decking Sheet - 45/150 and 75/305 Iraq | 45/150 decking sheet Iraq | 75/305 decking sheet Iraq | metal deck sheet Iraq | Galvanized Steel supplier Iraq"
"country-product","/countries/iraq/products/shear-studs","Iraq","Shear Studs","Shear Studs Supply for Iraq Projects","Shear Studs Supply Iraq | Deck Shear Connectors","59","Iraq project RFQs for Shear Studs. Specify Stud diameter, height, deck profile and drawing reference, quantity breakdown, packing, documents.","141","Shear Studs supplier Iraq","Shear Studs Iraq | shear connectors Iraq | deck shear studs Iraq | headed studs Iraq | Galvanized Steel supplier Iraq"
"country-product","/countries/iraq/products/c-purlins","Iraq","C Purlins","C Purlins Supply for Iraq Projects","C Purlins Supply Iraq | Galvanized C Purlins","56","Iraq project RFQs for C Purlins. Specify Section size, thickness, length, quantity breakdown, packing, documents and destination.","129","C Purlins supplier Iraq","C Purlins Iraq | galvanized C purlins Iraq | C channel purlins Iraq | roof purlins Iraq | Galvanized Steel supplier Iraq"
"country-product","/countries/iraq/products/z-purlins","Iraq","Z Purlins","Z Purlins Supply for Iraq Projects","Z Purlins Supply Iraq | Galvanized Z Purlins","56","Iraq project RFQs for Z Purlins. Specify Section size, thickness, length, quantity breakdown, packing, documents and destination.","129","Z Purlins supplier Iraq","Z Purlins Iraq | galvanized Z purlins Iraq | Z section purlins Iraq | roof purlins Iraq | Galvanized Steel supplier Iraq"
"country-product","/countries/iraq/products/drywall-partition-systems","Iraq","Dry Wall Partition Systems","Dry Wall Partition Systems Supply for Iraq Projects","Drywall Systems Supply Iraq | GI Stud & Track","57","Iraq project RFQs for Drywall Systems. Specify Gauge, profile, quantity breakdown, packing, documents and destination.","118","Drywall Systems supplier Iraq","Dry Wall Partition Systems Iraq | GI studs and tracks Iraq | drywall metal framing Iraq | partition profiles Iraq | Galvanized Steel supplier Iraq"
"country-product","/countries/iraq/products/strut-track","Iraq","Strut & Track","Strut & Track Supply for Iraq Projects","Strut & Track Supply Iraq | MEP Strut Channels","58","Iraq project RFQs for Strut & Track. Specify Channel size, finish, length, quantity breakdown, packing, documents and destination.","130","Strut & Track supplier Iraq","Strut & Track Iraq | strut channels Iraq | support channels Iraq | MEP strut systems Iraq | Galvanized Steel supplier Iraq"
"country-product","/countries/iraq/products/gi-pipe","Iraq","GI Pipe","GI Pipe Supply for Iraq Projects","GI Pipe Supply Iraq | Galvanized Steel Pipe","55","Iraq project RFQs for GI Pipe. Specify Diameter, wall thickness, length, quantity breakdown, packing, documents and destination.","128","GI Pipe supplier Iraq","GI Pipe Iraq | galvanized steel pipe Iraq | GI tubes Iraq | galvanized pipe Iraq | Galvanized Steel supplier Iraq"
"country-product","/countries/iraq/products/aluminium-coil","Iraq","Aluminium Coil","Aluminium Coil Supply for Iraq Projects","Aluminium Coil Supply Iraq | Aluminium Sheet Coil","61","Iraq project RFQs for Aluminium Coil. Specify Alloy, thickness, width, quantity breakdown, packing, documents and destination.","126","Aluminium Coil supplier Iraq","Aluminium Coil Iraq | aluminium coils Iraq | aluminium sheet coil Iraq | roofing aluminium coil Iraq | Aluminium supplier Iraq"
"country-product","/countries/iraq/products/aluminium-plain-sheet","Iraq","Aluminium Plain Sheet","Aluminium Plain Sheet Supply for Iraq Projects","Aluminium Plain Sheet Supply Iraq | Aluminium Sheet","63","Iraq project RFQs for Aluminium Plain Sheet. Specify Alloy, thickness, sheet size, quantity breakdown, packing, documents and destination.","138","Aluminium Plain Sheet supplier Iraq","Aluminium Plain Sheet Iraq | aluminium sheet Iraq | plain aluminium sheets Iraq | aluminium plate sheet Iraq | Aluminium supplier Iraq"
"country-product","/countries/iraq/products/pre-painted-aluminium-coils","Iraq","Pre-painted Aluminium Coils","Pre-painted Aluminium Coils Supply for Iraq Projects","Pre-Painted Aluminium Coil Supply Iraq | Coated Coil","64","Iraq project RFQs for Pre-Painted Aluminium Coil. Specify Colour/RAL, alloy, thickness, quantity breakdown, packing, documents and destination.","143","Pre-Painted Aluminium Coil supplier Iraq","Pre-painted Aluminium Coils Iraq | colour coated aluminium coil Iraq | prepainted aluminium coil Iraq | coated aluminium Iraq | Aluminium supplier Iraq"
"country-product","/countries/iraq/products/pfmb-psmr-aluminium-alloy-3003-h14-coils","Iraq","PFMB/PSMR Aluminium Alloy 3003-H14 Coils","PFMB/PSMR Aluminium Alloy 3003-H14 Coils Supply for Iraq Projects","PFMB/PSMR 3003-H14 Aluminium Coils Supplier Iraq","60","Iraq project RFQs for PFMB/PSMR 3003-H14 Aluminium Coils. Specify Alloy, coating type, micron, quantity breakdown, packing, documents and destination.","150","PFMB/PSMR 3003-H14 Aluminium Coils supplier Iraq","PFMB/PSMR Aluminium Alloy 3003-H14 Coils Iraq | 3003-H14 aluminium coil Iraq | PSMR 75 micron coating Iraq | coated aluminium coil Iraq | Aluminium supplier Iraq"
"country-product","/countries/oman/products/ms-hollow-sections","Oman","MS Hollow Sections","MS Hollow Sections Supplier for Oman","MS Hollow Sections Supplier Oman | RHS & SHS","56","MS Hollow Sections for Oman projects. Review Section size, wall thickness, length, quantity, project-defined finish/exposure needs, documents.","142","MS Hollow Sections supplier Oman","MS Hollow Sections Oman | RHS sections Oman | SHS sections Oman | mild steel hollow sections Oman | Mild Steel Products supplier Oman"
"country-product","/countries/oman/products/ms-beams","Oman","MS Beams","MS Beams Supplier for Oman","MS Beams Supplier Oman | I & H Structural Beams","59","MS Beams for Oman projects. Review Beam size, length, grade, quantity, project-defined finish/exposure needs, documents and delivery city.","138","MS Beams supplier Oman","MS Beams Oman | I beams Oman | H beams Oman | structural steel beams Oman | Mild Steel Products supplier Oman"
"country-product","/countries/oman/products/ms-channels","Oman","MS Channels","MS Channels Supplier for Oman","MS Channels Supplier Oman | C & U Steel Channels","60","MS Channels for Oman projects. Review Channel size, length, thickness/weight, quantity, project-defined finish/exposure needs, documents and delivery city.","155","MS Channels supplier Oman","MS Channels Oman | C channels Oman | U channels Oman | mild steel channels Oman | Mild Steel Products supplier Oman"
"country-product","/countries/oman/products/ms-bars","Oman","MS Bars","MS Bars Supplier for Oman","MS Bars Supplier Oman | Round, Flat & Square Bars","61","MS Bars for Oman projects. Review Bar type, size, length, quantity, project-defined finish/exposure needs, documents and delivery city.","135","MS Bars supplier Oman","MS Bars Oman | round bars Oman | flat bars Oman | square bars Oman | Mild Steel Products supplier Oman"
"country-product","/countries/oman/products/ms-angles","Oman","MS Angles","MS Angles Supplier for Oman","MS Angles Supplier Oman | Equal & Unequal Angles","60","MS Angles for Oman projects. Review Angle size, thickness, length, quantity, project-defined finish/exposure needs, documents and delivery city.","144","MS Angles supplier Oman","MS Angles Oman | equal angles Oman | unequal angles Oman | mild steel angles Oman | Mild Steel Products supplier Oman"
"country-product","/countries/oman/products/hr-coils-ms","Oman","HR Coils - MS","HR Coils - MS Supplier for Oman","HR Coils - MS Supplier Oman | Hot Rolled Steel Coil","63","HR Coils - MS for Oman projects. Review Thickness, width, grade, quantity, project-defined finish/exposure needs, documents and delivery city.","142","HR Coils - MS supplier Oman","HR Coils - MS Oman | hot rolled steel coil Oman | HR steel coil Oman | mild steel coil Oman | Mild Steel Products supplier Oman"
"country-product","/countries/oman/products/cr-coils-ms","Oman","CR Coils - MS","CR Coils - MS Supplier for Oman","CR Coils - MS Supplier Oman | Cold Rolled Steel Coil","64","CR Coils - MS for Oman projects. Review Thickness, width, surface requirement, quantity, project-defined finish/exposure needs, documents and delivery.","151","CR Coils - MS supplier Oman","CR Coils - MS Oman | cold rolled steel coil Oman | CR steel coil Oman | cold rolled sheet coil Oman | Mild Steel Products supplier Oman"
"country-product","/countries/oman/products/ms-sheets","Oman","MS Sheets","MS Sheets Supplier for Oman","MS Sheets Supplier Oman | Mild Steel Sheets","55","MS Sheets for Oman projects. Review Thickness, sheet size, grade, quantity, project-defined finish/exposure needs, documents and delivery city.","143","MS Sheets supplier Oman","MS Sheets Oman | mild steel sheet Oman | steel sheets Oman | fabrication sheet Oman | Mild Steel Products supplier Oman"
"country-product","/countries/oman/products/ms-plates","Oman","MS Plates","MS Plates Supplier for Oman","MS Plates Supplier Oman | Mild Steel Plates","55","MS Plates for Oman projects. Review Thickness, plate size, grade, quantity, project-defined finish/exposure needs, documents and delivery city.","143","MS Plates supplier Oman","MS Plates Oman | mild steel plates Oman | steel plate Oman | structural plates Oman | Mild Steel Products supplier Oman"
"country-product","/countries/oman/products/mild-steel-gratings","Oman","Mild Steel Gratings","Mild Steel Gratings Supplier for Oman","MS Gratings Supplier Oman | Steel Grating","53","MS Gratings for Oman projects. Review Panel size, load requirement, finish, quantity, project-defined finish/exposure needs, documents and delivery city.","153","MS Gratings supplier Oman","Mild Steel Gratings Oman | steel grating panels Oman | walkway grating Oman | industrial grating Oman | Mild Steel Products supplier Oman"
"country-product","/countries/oman/products/decking-sheets-ms","Oman","Decking Sheets (MS)","Decking Sheets (MS) Supplier for Oman","Decking Sheets (MS) Supplier Oman | Metal Deck","58","Decking Sheets (MS) for Oman projects. Review Profile, thickness, length, quantity, project-defined finish/exposure needs, documents and delivery city.","151","Decking Sheets (MS) supplier Oman","Decking Sheets (MS) Oman | metal decking sheets Oman | composite deck sheets Oman | MS deck profile Oman | Mild Steel Products supplier Oman"
"country-product","/countries/oman/products/ms-shear-studs","Oman","MS Shear Studs","MS Shear Studs Supplier for Oman","MS Shear Studs Supplier Oman | Deck Shear Studs","59","MS Shear Studs for Oman projects. Review Stud diameter, height, profile and drawing reference, quantity, project-defined finish/exposure needs, documents.","154","MS Shear Studs supplier Oman","MS Shear Studs Oman | shear connectors Oman | deck shear studs Oman | stud welding Oman | Mild Steel Products supplier Oman"
"country-product","/countries/oman/products/ss-coil","Oman","SS Coil","SS Coil Supplier for Oman","SS Coil Supplier Oman | Stainless Steel Coil","56","SS Coil for Oman projects. Review Grade, thickness, width, quantity, project-defined finish/exposure needs, documents and delivery city.","136","SS Coil supplier Oman","SS Coil Oman | stainless steel coil Oman | SS coils Oman | stainless coil Oman | Stainless Steel supplier Oman"
"country-product","/countries/oman/products/ss-wire","Oman","SS Wire","SS Wire Supplier for Oman","SS Wire Supplier Oman | Stainless Steel Wire","56","SS Wire for Oman projects. Review Wire diameter, grade, finish, quantity, project-defined finish/exposure needs, documents and delivery city.","141","SS Wire supplier Oman","SS Wire Oman | stainless steel wire Oman | SS wire coil Oman | stainless wire Oman | Stainless Steel supplier Oman"
"country-product","/countries/oman/products/ss-plain-sheet","Oman","SS Plain Sheet","SS Plain Sheet Supplier for Oman","SS Plain Sheet Supplier Oman | Stainless Sheet","58","SS Plain Sheet for Oman projects. Review Grade, thickness, finish, quantity, project-defined finish/exposure needs, documents and delivery city.","144","SS Plain Sheet supplier Oman","SS Plain Sheet Oman | stainless steel sheet Oman | SS sheet Oman | stainless plain sheet Oman | Stainless Steel supplier Oman"
"country-product","/countries/oman/products/ss-slitted-coil","Oman","SS Slitted Coil","SS Slitted Coil Supplier for Oman","SS Slitted Coil Supplier Oman | Stainless Strips","60","SS Slitted Coil for Oman projects. Review Grade, thickness, slit width, quantity, project-defined finish/exposure needs, documents and delivery city.","149","SS Slitted Coil supplier Oman","SS Slitted Coil Oman | stainless slit coil Oman | SS slit coil Oman | stainless steel strips Oman | Stainless Steel supplier Oman"
"country-product","/countries/oman/products/gi-coil","Oman","GI Coil","GI Coil Supplier for Oman","GI Coil Supplier Oman | Roofing & Cladding Coil","59","GI coil supplier for Oman roofing, cladding and fabrication RFQs. Compare grade, thickness, width, zinc coating, exposure needs and delivery city.","146","GI coil supplier Oman","galvanized steel coil Oman | GI coil Muscat | GI coil Sohar | roofing coil Oman | zinc coated steel coil Oman"
"country-product","/countries/oman/products/ppgi-coil","Oman","PPGI Coil","PPGI Coil Supplier for Oman","PPGI Coil Supplier Oman | Pre-Painted GI Coil","57","PPGI Coil for Oman projects. Review Colour/RAL, coating, thickness, quantity, project-defined finish/exposure needs, documents and delivery city.","145","PPGI Coil supplier Oman","PPGI Coil Oman | pre-painted galvanized coil Oman | colour coated steel coil Oman | PPGI steel coil Oman | Galvanized Steel supplier Oman"
"country-product","/countries/oman/products/aluzinc-coil","Oman","Aluzinc Coil","Aluzinc Coil Supplier for Oman","Aluzinc Coil Supplier Oman | Aluminium-Zinc Coil","60","Aluzinc Coil for Oman projects. Review Coating, thickness, width, quantity, project-defined finish/exposure needs, documents and delivery city.","143","Aluzinc Coil supplier Oman","Aluzinc Coil Oman | aluminium-zinc coil Oman | Aluzinc steel coil Oman | AZ coated coil Oman | Galvanized Steel supplier Oman"
"country-product","/countries/oman/products/pvdf-coils","Oman","PVDF Coils","PVDF Coils Supplier for Oman","PVDF Coils Supplier Oman | PVDF Coated Steel","56","PVDF Coils for Oman projects. Review PVDF coating, colour, thickness, quantity, project-defined finish/exposure needs, documents and delivery city.","147","PVDF Coils supplier Oman","PVDF Coils Oman | PVDF coated coil Oman | colour coated steel coil Oman | architectural coated coil Oman | Galvanized Steel supplier Oman"
"country-product","/countries/oman/products/gi-plain-sheet","Oman","GI Plain Sheet","GI Plain Sheet Supplier for Oman","GI Plain Sheet Supplier Oman | Galvanized Sheet","59","GI Plain Sheet for Oman projects. Review Thickness, sheet size, coating, quantity, project-defined finish/exposure needs, documents and delivery city.","150","GI Plain Sheet supplier Oman","GI Plain Sheet Oman | galvanized steel sheet Oman | GI sheet Oman | zinc coated sheet Oman | Galvanized Steel supplier Oman"
"country-product","/countries/oman/products/gi-slitted-coils","Oman","GI Slitted Coils","GI Slitted Coils Supplier for Oman","GI Slitted Coils Supplier Oman | Galvanized Strips","62","GI Slitted Coils for Oman projects. Review Thickness, slit width, coating GSM, quantity, project-defined finish/exposure needs, documents and delivery.","151","GI Slitted Coils supplier Oman","GI Slitted Coils Oman | galvanized slit coils Oman | GI steel strips Oman | zinc coated strip Oman | Galvanized Steel supplier Oman"
"country-product","/countries/oman/products/ppgi-slitted-coils","Oman","PPGI Slitted Coils","PPGI Slitted Coils Supplier for Oman","PPGI Slitted Coils Supplier Oman | Coated Strips","60","PPGI Slitted Coils for Oman projects. Review Colour/RAL, coating, slit width, quantity, project-defined finish/exposure needs, documents and delivery city.","155","PPGI Slitted Coils supplier Oman","PPGI Slitted Coils Oman | pre-painted slit coils Oman | colour coated steel strips Oman | PPGI strips Oman | Galvanized Steel supplier Oman"
"country-product","/countries/oman/products/ppgi-plain-sheet","Oman","PPGI Plain Sheet","PPGI Plain Sheet Supplier for Oman","PPGI Plain Sheet Supplier Oman | Coated Steel Sheet","63","PPGI Plain Sheet for Oman projects. Review Colour/RAL, thickness, sheet size, quantity, project-defined finish/exposure needs, documents and delivery city.","155","PPGI Plain Sheet supplier Oman","PPGI Plain Sheet Oman | pre-painted galvanized sheet Oman | colour coated steel sheet Oman | PPGI sheet Oman | Galvanized Steel supplier Oman"
"country-product","/countries/oman/products/roof-insulated-panels","Oman","Roof Insulated Panels - GI/PPGI","Roof Insulated Panels - GI/PPGI Supplier for Oman","Roof Insulated Panels Supplier Oman | GI/PPGI Panels","64","Roof Insulated Panels for Oman projects. Review Panel thickness, skin material, colour, quantity, project-defined finish/exposure needs, documents.","147","Roof Insulated Panels supplier Oman","Roof Insulated Panels - GI/PPGI Oman | GI roof sandwich panels Oman | PPGI insulated roof panels Oman | sandwich roof panels Oman | Galvanized Steel supplier Oman"
"country-product","/countries/oman/products/wall-insulated-panels","Oman","Wall Insulated Panels","Wall Insulated Panels Supplier for Oman","Wall Insulated Panels Supplier Oman | Sandwich Panels","65","Wall Insulated Panels for Oman projects. Review Panel thickness, skin finish, colour, quantity, project-defined finish/exposure needs, documents.","145","Wall Insulated Panels supplier Oman","Wall Insulated Panels Oman | sandwich wall panels Oman | insulated steel wall panels Oman | PPGI wall panels Oman | Galvanized Steel supplier Oman"
"country-product","/countries/oman/products/corrugated-roofing-sheet","Oman","Corrugated Roofing Sheet","Corrugated Roofing Sheet Supplier for Oman","Corrugated Roofing Sheet Supplier Oman | GI Roofing","63","Corrugated Roofing Sheet for Oman projects. Review Profile, thickness, coating, quantity, project-defined finish/exposure needs, documents and delivery.","152","Corrugated Roofing Sheet supplier Oman","Corrugated Roofing Sheet Oman | GI roofing sheets Oman | galvanized corrugated sheets Oman | metal roofing sheets Oman | Galvanized Steel supplier Oman"
"country-product","/countries/oman/products/corrugated-wall-sheet","Oman","Corrugated Wall Sheet","Corrugated Wall Sheet Supplier for Oman","Corrugated Wall Sheet Supplier Oman | GI Cladding","61","Corrugated Wall Sheet for Oman projects. Review Profile, thickness, coating, quantity, project-defined finish/exposure needs, documents and delivery city.","154","Corrugated Wall Sheet supplier Oman","Corrugated Wall Sheet Oman | corrugated wall cladding Oman | GI wall sheets Oman | metal cladding sheets Oman | Galvanized Steel supplier Oman"
"country-product","/countries/oman/products/corrugated-fence-sheet-panel","Oman","Corrugated Fence Sheet / Panel","Corrugated Fence Sheet / Panel Supplier for Oman","Corrugated Fence Panels Supplier Oman | GI Panels","61","Corrugated Fence Panels for Oman projects. Review Sheet height, profile, thickness, quantity, project-defined finish/exposure needs, documents.","143","Corrugated Fence Panels supplier Oman","Corrugated Fence Sheet / Panel Oman | GI fence panels Oman | corrugated fencing sheets Oman | temporary fence panels Oman | Galvanized Steel supplier Oman"
"country-product","/countries/oman/products/corrugated-curve","Oman","Corrugated Curve","Corrugated Curve Supplier for Oman","Corrugated Curve Supplier Oman | Curved Roofing","59","Corrugated Curve for Oman projects. Review Profile, radius, thickness, quantity, project-defined finish/exposure needs, documents and delivery city.","148","Corrugated Curve supplier Oman","Corrugated Curve Oman | curved roofing sheets Oman | curved corrugated panels Oman | arched roof sheets Oman | Galvanized Steel supplier Oman"
"country-product","/countries/oman/products/corrugated-ridge","Oman","Corrugated Ridge","Corrugated Ridge Supplier for Oman","Corrugated Ridge Supplier Oman | Roof Ridge Caps","60","Corrugated Ridge for Oman projects. Review Profile match, angle, colour, quantity, project-defined finish/exposure needs, documents and delivery city.","150","Corrugated Ridge supplier Oman","Corrugated Ridge Oman | roof ridge caps Oman | corrugated ridge flashing Oman | metal ridge cover Oman | Galvanized Steel supplier Oman"
"country-product","/countries/oman/products/gutter-and-flashing","Oman","Gutter and Flashing","Gutter and Flashing Supplier for Oman","Gutter and Flashing Supplier Oman | Roof Accessories","64","Gutter and Flashing for Oman projects. Review Profile drawing, thickness, colour, quantity, project-defined finish/exposure needs, documents and delivery.","154","Gutter and Flashing supplier Oman","Gutter and Flashing Oman | roof gutters Oman | metal flashing Oman | GI flashing Oman | Galvanized Steel supplier Oman"
"country-product","/countries/oman/products/gi-decking-sheet","Oman","GI Decking Sheet - 45/150 and 75/305","GI Decking Sheet - 45/150 and 75/305 Supplier for Oman","GI Decking Sheet - 45/150 and 75/305 Supplier Oman","62","GI Decking Sheet - 45/150 and 75/305 for Oman projects. Review Profile, thickness, length, quantity, project-defined finish/exposure needs, documents.","150","GI Decking Sheet - 45/150 and 75/305 supplier Oman","GI Decking Sheet - 45/150 and 75/305 Oman | 45/150 decking sheet Oman | 75/305 decking sheet Oman | metal deck sheet Oman | Galvanized Steel supplier Oman"
"country-product","/countries/oman/products/shear-studs","Oman","Shear Studs","Shear Studs Supplier for Oman","Shear Studs Supplier Oman | Deck Shear Connectors","61","Shear Studs for Oman projects. Review Stud diameter, height, deck profile and drawing reference, quantity, project-defined finish/exposure needs.","145","Shear Studs supplier Oman","Shear Studs Oman | shear connectors Oman | deck shear studs Oman | headed studs Oman | Galvanized Steel supplier Oman"
"country-product","/countries/oman/products/c-purlins","Oman","C Purlins","C Purlins Supplier for Oman","C Purlins Supplier Oman | Galvanized C Purlins","58","C Purlins for Oman projects. Review Section size, thickness, length, quantity, project-defined finish/exposure needs, documents and delivery city.","146","C Purlins supplier Oman","C Purlins Oman | galvanized C purlins Oman | C channel purlins Oman | roof purlins Oman | Galvanized Steel supplier Oman"
"country-product","/countries/oman/products/z-purlins","Oman","Z Purlins","Z Purlins Supplier for Oman","Z Purlins Supplier Oman | Galvanized Z Purlins","58","Z Purlins for Oman projects. Review Section size, thickness, length, quantity, project-defined finish/exposure needs, documents and delivery city.","146","Z Purlins supplier Oman","Z Purlins Oman | galvanized Z purlins Oman | Z section purlins Oman | roof purlins Oman | Galvanized Steel supplier Oman"
"country-product","/countries/oman/products/drywall-partition-systems","Oman","Dry Wall Partition Systems","Dry Wall Partition Systems Supplier for Oman","Drywall Systems Supplier Oman | GI Stud & Track","59","Drywall Systems for Oman projects. Review Gauge, profile, quantity, project-defined finish/exposure needs, documents and delivery city.","135","Drywall Systems supplier Oman","Dry Wall Partition Systems Oman | GI studs and tracks Oman | drywall metal framing Oman | partition profiles Oman | Galvanized Steel supplier Oman"
"country-product","/countries/oman/products/strut-track","Oman","Strut & Track","Strut & Track Supplier for Oman","Strut & Track Supplier Oman | MEP Strut Channels","60","Strut & Track for Oman projects. Review Channel size, finish, length, quantity, project-defined finish/exposure needs, documents and delivery city.","147","Strut & Track supplier Oman","Strut & Track Oman | strut channels Oman | support channels Oman | MEP strut systems Oman | Galvanized Steel supplier Oman"
"country-product","/countries/oman/products/gi-pipe","Oman","GI Pipe","GI Pipe Supplier for Oman","GI Pipe Supplier Oman | Galvanized Steel Pipe","57","GI Pipe for Oman projects. Review Diameter, wall thickness, length, quantity, project-defined finish/exposure needs, documents and delivery city.","145","GI Pipe supplier Oman","GI Pipe Oman | galvanized steel pipe Oman | GI tubes Oman | galvanized pipe Oman | Galvanized Steel supplier Oman"
"country-product","/countries/oman/products/aluminium-coil","Oman","Aluminium Coil","Aluminium Coil Supplier for Oman","Aluminium Coil Supplier Oman | Aluminium Sheet Coil","63","Aluminium Coil for Oman projects. Review Alloy, thickness, width, quantity, project-defined finish/exposure needs, documents and delivery city.","143","Aluminium Coil supplier Oman","Aluminium Coil Oman | aluminium coils Oman | aluminium sheet coil Oman | roofing aluminium coil Oman | Aluminium supplier Oman"
"country-product","/countries/oman/products/aluminium-plain-sheet","Oman","Aluminium Plain Sheet","Aluminium Plain Sheet Supplier for Oman","Aluminium Plain Sheet Supplier Oman | Aluminium Sheet","65","Aluminium Plain Sheet for Oman projects. Review Alloy, thickness, sheet size, quantity, project-defined finish/exposure needs, documents and delivery city.","155","Aluminium Plain Sheet supplier Oman","Aluminium Plain Sheet Oman | aluminium sheet Oman | plain aluminium sheets Oman | aluminium plate sheet Oman | Aluminium supplier Oman"
"country-product","/countries/oman/products/pre-painted-aluminium-coils","Oman","Pre-painted Aluminium Coils","Pre-painted Aluminium Coils Supplier for Oman","Pre-Painted Aluminium Coil Supplier Oman","52","Pre-Painted Aluminium Coil for Oman projects. Review Colour/RAL, alloy, thickness, quantity, project-defined finish/exposure needs, documents.","142","Pre-Painted Aluminium Coil supplier Oman","Pre-painted Aluminium Coils Oman | colour coated aluminium coil Oman | prepainted aluminium coil Oman | coated aluminium Oman | Aluminium supplier Oman"
"country-product","/countries/oman/products/pfmb-psmr-aluminium-alloy-3003-h14-coils","Oman","PFMB/PSMR Aluminium Alloy 3003-H14 Coils","PFMB/PSMR Aluminium Alloy 3003-H14 Coils Supplier for Oman","PFMB/PSMR 3003-H14 Aluminium Coils Supplier Oman","60","PFMB/PSMR 3003-H14 Aluminium Coils for Oman projects. Review Alloy, coating type, micron, quantity, project-defined finish/exposure needs, documents.","149","PFMB/PSMR 3003-H14 Aluminium Coils supplier Oman","PFMB/PSMR Aluminium Alloy 3003-H14 Coils Oman | 3003-H14 aluminium coil Oman | PSMR 75 micron coating Oman | coated aluminium coil Oman | Aluminium supplier Oman"
"country-product","/countries/jordan/products/ms-hollow-sections","Jordan","MS Hollow Sections","MS Hollow Sections Supplier for Jordan","MS Hollow Sections Supplier Jordan | RHS & SHS","58","Jordan MS Hollow Sections supply enquiries. State Section size, wall thickness, length, quantity, approved-equivalent rules, documents and delivery.","148","MS Hollow Sections supplier Jordan","MS Hollow Sections Jordan | RHS sections Jordan | SHS sections Jordan | mild steel hollow sections Jordan | Mild Steel Products supplier Jordan"
"country-product","/countries/jordan/products/ms-beams","Jordan","MS Beams","MS Beams Supplier for Jordan","MS Beams Supplier Jordan | I & H Structural Beams","61","Jordan MS Beams supply enquiries. State Beam size, length, grade, quantity, approved-equivalent rules, documents and delivery location.","135","MS Beams supplier Jordan","MS Beams Jordan | I beams Jordan | H beams Jordan | structural steel beams Jordan | Mild Steel Products supplier Jordan"
"country-product","/countries/jordan/products/ms-channels","Jordan","MS Channels","MS Channels Supplier for Jordan","MS Channels Supplier Jordan | C & U Steel Channels","62","Jordan MS Channels supply enquiries. State Channel size, length, thickness/weight, quantity, approved-equivalent rules, documents and delivery location.","152","MS Channels supplier Jordan","MS Channels Jordan | C channels Jordan | U channels Jordan | mild steel channels Jordan | Mild Steel Products supplier Jordan"
"country-product","/countries/jordan/products/ms-bars","Jordan","MS Bars","MS Bars Supplier for Jordan","MS Bars Supplier Jordan | Round, Flat & Square Bars","63","Jordan MS Bars supply enquiries. State Bar type, size, length, quantity, approved-equivalent rules, documents and delivery location.","132","MS Bars supplier Jordan","MS Bars Jordan | round bars Jordan | flat bars Jordan | square bars Jordan | Mild Steel Products supplier Jordan"
"country-product","/countries/jordan/products/ms-angles","Jordan","MS Angles","MS Angles Supplier for Jordan","MS Angles Supplier Jordan | Equal & Unequal Angles","62","Jordan MS Angles supply enquiries. State Angle size, thickness, length, quantity, approved-equivalent rules, documents and delivery location.","141","MS Angles supplier Jordan","MS Angles Jordan | equal angles Jordan | unequal angles Jordan | mild steel angles Jordan | Mild Steel Products supplier Jordan"
"country-product","/countries/jordan/products/hr-coils-ms","Jordan","HR Coils - MS","HR Coils - MS Supplier for Jordan","HR Coils - MS Supplier Jordan | Hot Rolled Steel Coil","65","Jordan HR Coils - MS supply enquiries. State Thickness, width, grade, quantity, approved-equivalent rules, documents and delivery location.","139","HR Coils - MS supplier Jordan","HR Coils - MS Jordan | hot rolled steel coil Jordan | HR steel coil Jordan | mild steel coil Jordan | Mild Steel Products supplier Jordan"
"country-product","/countries/jordan/products/cr-coils-ms","Jordan","CR Coils - MS","CR Coils - MS Supplier for Jordan","CR Coils - MS Supplier Jordan","41","Jordan CR Coils - MS supply enquiries. State Thickness, width, surface requirement, quantity, approved-equivalent rules, documents and delivery location.","153","CR Coils - MS supplier Jordan","CR Coils - MS Jordan | cold rolled steel coil Jordan | CR steel coil Jordan | cold rolled sheet coil Jordan | Mild Steel Products supplier Jordan"
"country-product","/countries/jordan/products/ms-sheets","Jordan","MS Sheets","MS Sheets Supplier for Jordan","MS Sheets Supplier Jordan | Mild Steel Sheets","57","Jordan MS Sheets supply enquiries. State Thickness, sheet size, grade, quantity, approved-equivalent rules, documents and delivery location.","140","MS Sheets supplier Jordan","MS Sheets Jordan | mild steel sheet Jordan | steel sheets Jordan | fabrication sheet Jordan | Mild Steel Products supplier Jordan"
"country-product","/countries/jordan/products/ms-plates","Jordan","MS Plates","MS Plates Supplier for Jordan","MS Plates Supplier Jordan | Mild Steel Plates","57","Jordan MS Plates supply enquiries. State Thickness, plate size, grade, quantity, approved-equivalent rules, documents and delivery location.","140","MS Plates supplier Jordan","MS Plates Jordan | mild steel plates Jordan | steel plate Jordan | structural plates Jordan | Mild Steel Products supplier Jordan"
"country-product","/countries/jordan/products/mild-steel-gratings","Jordan","Mild Steel Gratings","Mild Steel Gratings Supplier for Jordan","MS Gratings Supplier Jordan | Steel Grating","55","Jordan MS Gratings supply enquiries. State Panel size, load requirement, finish, quantity, approved-equivalent rules, documents and delivery location.","150","MS Gratings supplier Jordan","Mild Steel Gratings Jordan | steel grating panels Jordan | walkway grating Jordan | industrial grating Jordan | Mild Steel Products supplier Jordan"
"country-product","/countries/jordan/products/decking-sheets-ms","Jordan","Decking Sheets (MS)","Decking Sheets (MS) Supplier for Jordan","Decking Sheets (MS) Supplier Jordan | Metal Deck","60","Jordan Decking Sheets (MS) supply enquiries. State Profile, thickness, length, quantity, approved-equivalent rules, documents and delivery location.","148","Decking Sheets (MS) supplier Jordan","Decking Sheets (MS) Jordan | metal decking sheets Jordan | composite deck sheets Jordan | MS deck profile Jordan | Mild Steel Products supplier Jordan"
"country-product","/countries/jordan/products/ms-shear-studs","Jordan","MS Shear Studs","MS Shear Studs Supplier for Jordan","MS Shear Studs Supplier Jordan | Deck Shear Studs","61","Jordan MS Shear Studs supply enquiries. State Stud diameter, height, profile and drawing reference, quantity, approved-equivalent rules, documents.","147","MS Shear Studs supplier Jordan","MS Shear Studs Jordan | shear connectors Jordan | deck shear studs Jordan | stud welding Jordan | Mild Steel Products supplier Jordan"
"country-product","/countries/jordan/products/ss-coil","Jordan","SS Coil","SS Coil Supplier for Jordan","SS Coil Supplier Jordan | Stainless Steel Coil","58","Jordan SS Coil supply enquiries. State Grade, thickness, width, quantity, approved-equivalent rules, documents and delivery location.","133","SS Coil supplier Jordan","SS Coil Jordan | stainless steel coil Jordan | SS coils Jordan | stainless coil Jordan | Stainless Steel supplier Jordan"
"country-product","/countries/jordan/products/ss-wire","Jordan","SS Wire","SS Wire Supplier for Jordan","SS Wire Supplier Jordan | Stainless Steel Wire","58","Jordan SS Wire supply enquiries. State Wire diameter, grade, finish, quantity, approved-equivalent rules, documents and delivery location.","138","SS Wire supplier Jordan","SS Wire Jordan | stainless steel wire Jordan | SS wire coil Jordan | stainless wire Jordan | Stainless Steel supplier Jordan"
"country-product","/countries/jordan/products/ss-plain-sheet","Jordan","SS Plain Sheet","SS Plain Sheet Supplier for Jordan","SS Plain Sheet Supplier Jordan | Stainless Sheet","60","Jordan SS Plain Sheet supply enquiries. State Grade, thickness, finish, quantity, approved-equivalent rules, documents and delivery location.","141","SS Plain Sheet supplier Jordan","SS Plain Sheet Jordan | stainless steel sheet Jordan | SS sheet Jordan | stainless plain sheet Jordan | Stainless Steel supplier Jordan"
"country-product","/countries/jordan/products/ss-slitted-coil","Jordan","SS Slitted Coil","SS Slitted Coil Supplier for Jordan","SS Slitted Coil Supplier Jordan | Stainless Strips","62","Jordan SS Slitted Coil supply enquiries. State Grade, thickness, slit width, quantity, approved-equivalent rules, documents and delivery location.","146","SS Slitted Coil supplier Jordan","SS Slitted Coil Jordan | stainless slit coil Jordan | SS slit coil Jordan | stainless steel strips Jordan | Stainless Steel supplier Jordan"
"country-product","/countries/jordan/products/gi-coil","Jordan","GI Coil","Galvanized Steel Coil Supplier for Jordan","Galvanized Steel Coil Supplier Jordan | GI Coil","59","Galvanized steel coil and GI coil supply for Jordan RFQs. Specify grade, thickness, width, zinc coating, quantity, processing use, documents and delivery.","154","galvanized steel coil supplier Jordan","GI coil Jordan | GI coil supplier Jordan | zinc coated steel coil Jordan | roofing coil Jordan | GI coil Amman"
"country-product","/countries/jordan/products/ppgi-coil","Jordan","PPGI Coil","PPGI Coil Supplier for Jordan","PPGI Coil Supplier Jordan | Pre-Painted GI Coil","59","Jordan PPGI Coil supply enquiries. State Colour/RAL, coating, thickness, quantity, approved-equivalent rules, documents and delivery location.","142","PPGI Coil supplier Jordan","PPGI Coil Jordan | pre-painted galvanized coil Jordan | colour coated steel coil Jordan | PPGI steel coil Jordan | Galvanized Steel supplier Jordan"
"country-product","/countries/jordan/products/aluzinc-coil","Jordan","Aluzinc Coil","Aluzinc Coil Supplier for Jordan","Aluzinc Coil Supplier Jordan | Aluminium-Zinc Coil","62","Jordan Aluzinc Coil supply enquiries. State Coating, thickness, width, quantity, approved-equivalent rules, documents and delivery location.","140","Aluzinc Coil supplier Jordan","Aluzinc Coil Jordan | aluminium-zinc coil Jordan | Aluzinc steel coil Jordan | AZ coated coil Jordan | Galvanized Steel supplier Jordan"
"country-product","/countries/jordan/products/pvdf-coils","Jordan","PVDF Coils","PVDF Coils Supplier for Jordan","PVDF Coils Supplier Jordan | PVDF Coated Steel","58","Jordan PVDF Coils supply enquiries. State PVDF coating, colour, thickness, quantity, approved-equivalent rules, documents and delivery location.","144","PVDF Coils supplier Jordan","PVDF Coils Jordan | PVDF coated coil Jordan | colour coated steel coil Jordan | architectural coated coil Jordan | Galvanized Steel supplier Jordan"
"country-product","/countries/jordan/products/gi-plain-sheet","Jordan","GI Plain Sheet","GI Plain Sheet Supplier for Jordan","GI Plain Sheet Supplier Jordan | Galvanized Sheet","61","Jordan GI Plain Sheet supply enquiries. State Thickness, sheet size, coating, quantity, approved-equivalent rules, documents and delivery location.","147","GI Plain Sheet supplier Jordan","GI Plain Sheet Jordan | galvanized steel sheet Jordan | GI sheet Jordan | zinc coated sheet Jordan | Galvanized Steel supplier Jordan"
"country-product","/countries/jordan/products/gi-slitted-coils","Jordan","GI Slitted Coils","GI Slitted Coils Supplier for Jordan","GI Slitted Coils Supplier Jordan | Galvanized Strips","64","Jordan GI Slitted Coils supply enquiries. State Thickness, slit width, coating GSM, quantity, approved-equivalent rules, documents and delivery location.","153","GI Slitted Coils supplier Jordan","GI Slitted Coils Jordan | galvanized slit coils Jordan | GI steel strips Jordan | zinc coated strip Jordan | Galvanized Steel supplier Jordan"
"country-product","/countries/jordan/products/ppgi-slitted-coils","Jordan","PPGI Slitted Coils","PPGI Slitted Coils Supplier for Jordan","PPGI Slitted Coils Supplier Jordan | Coated Strips","62","Jordan PPGI Slitted Coils supply enquiries. State Colour/RAL, coating, slit width, quantity, approved-equivalent rules, documents and delivery location.","152","PPGI Slitted Coils supplier Jordan","PPGI Slitted Coils Jordan | pre-painted slit coils Jordan | colour coated steel strips Jordan | PPGI strips Jordan | Galvanized Steel supplier Jordan"
"country-product","/countries/jordan/products/ppgi-plain-sheet","Jordan","PPGI Plain Sheet","PPGI Plain Sheet Supplier for Jordan","PPGI Plain Sheet Supplier Jordan | Coated Steel Sheet","65","Jordan PPGI Plain Sheet supply enquiries. State Colour/RAL, thickness, sheet size, quantity, approved-equivalent rules, documents and delivery location.","152","PPGI Plain Sheet supplier Jordan","PPGI Plain Sheet Jordan | pre-painted galvanized sheet Jordan | colour coated steel sheet Jordan | PPGI sheet Jordan | Galvanized Steel supplier Jordan"
"country-product","/countries/jordan/products/roof-insulated-panels","Jordan","Roof Insulated Panels - GI/PPGI","Roof Insulated Panels - GI/PPGI Supplier for Jordan","Roof Insulated Panels Supplier Jordan","49","Jordan Roof Insulated Panels supply enquiries. State Panel thickness, skin material, colour, quantity, approved-equivalent rules, documents and delivery.","153","Roof Insulated Panels supplier Jordan","Roof Insulated Panels - GI/PPGI Jordan | GI roof sandwich panels Jordan | PPGI insulated roof panels Jordan | sandwich roof panels Jordan | Galvanized Steel supplier Jordan"
"country-product","/countries/jordan/products/wall-insulated-panels","Jordan","Wall Insulated Panels","Wall Insulated Panels Supplier for Jordan","Wall Insulated Panels Supplier Jordan","49","Jordan Wall Insulated Panels supply enquiries. State Panel thickness, skin finish, colour, quantity, approved-equivalent rules, documents and delivery.","151","Wall Insulated Panels supplier Jordan","Wall Insulated Panels Jordan | sandwich wall panels Jordan | insulated steel wall panels Jordan | PPGI wall panels Jordan | Galvanized Steel supplier Jordan"
"country-product","/countries/jordan/products/corrugated-roofing-sheet","Jordan","Corrugated Roofing Sheet","Corrugated Roofing Sheet Supplier for Jordan","Corrugated Roofing Sheet Supplier Jordan | GI Roofing","65","Jordan Corrugated Roofing Sheet supply enquiries. State Profile, thickness, coating, quantity, approved-equivalent rules, documents and delivery location.","154","Corrugated Roofing Sheet supplier Jordan","Corrugated Roofing Sheet Jordan | GI roofing sheets Jordan | galvanized corrugated sheets Jordan | metal roofing sheets Jordan | Galvanized Steel supplier Jordan"
"country-product","/countries/jordan/products/corrugated-wall-sheet","Jordan","Corrugated Wall Sheet","Corrugated Wall Sheet Supplier for Jordan","Corrugated Wall Sheet Supplier Jordan | GI Cladding","63","Jordan Corrugated Wall Sheet supply enquiries. State Profile, thickness, coating, quantity, approved-equivalent rules, documents and delivery location.","151","Corrugated Wall Sheet supplier Jordan","Corrugated Wall Sheet Jordan | corrugated wall cladding Jordan | GI wall sheets Jordan | metal cladding sheets Jordan | Galvanized Steel supplier Jordan"
"country-product","/countries/jordan/products/corrugated-fence-sheet-panel","Jordan","Corrugated Fence Sheet / Panel","Corrugated Fence Sheet / Panel Supplier for Jordan","Corrugated Fence Panels Supplier Jordan | GI Panels","63","Jordan Corrugated Fence Panels supply enquiries. State Sheet height, profile, thickness, quantity, approved-equivalent rules, documents and delivery.","149","Corrugated Fence Panels supplier Jordan","Corrugated Fence Sheet / Panel Jordan | GI fence panels Jordan | corrugated fencing sheets Jordan | temporary fence panels Jordan | Galvanized Steel supplier Jordan"
"country-product","/countries/jordan/products/corrugated-curve","Jordan","Corrugated Curve","Corrugated Curve Supplier for Jordan","Corrugated Curve Supplier Jordan | Curved Roofing","61","Jordan Corrugated Curve supply enquiries. State Profile, radius, thickness, quantity, approved-equivalent rules, documents and delivery location.","145","Corrugated Curve supplier Jordan","Corrugated Curve Jordan | curved roofing sheets Jordan | curved corrugated panels Jordan | arched roof sheets Jordan | Galvanized Steel supplier Jordan"
"country-product","/countries/jordan/products/corrugated-ridge","Jordan","Corrugated Ridge","Corrugated Ridge Supplier for Jordan","Corrugated Ridge Supplier Jordan | Roof Ridge Caps","62","Jordan Corrugated Ridge supply enquiries. State Profile match, angle, colour, quantity, approved-equivalent rules, documents and delivery location.","147","Corrugated Ridge supplier Jordan","Corrugated Ridge Jordan | roof ridge caps Jordan | corrugated ridge flashing Jordan | metal ridge cover Jordan | Galvanized Steel supplier Jordan"
"country-product","/countries/jordan/products/gutter-and-flashing","Jordan","Gutter and Flashing","Gutter and Flashing Supplier for Jordan","Gutter and Flashing Supplier Jordan","47","Jordan Gutter and Flashing supply enquiries. State Profile drawing, thickness, colour, quantity, approved-equivalent rules, documents and delivery.","147","Gutter and Flashing supplier Jordan","Gutter and Flashing Jordan | roof gutters Jordan | metal flashing Jordan | GI flashing Jordan | Galvanized Steel supplier Jordan"
"country-product","/countries/jordan/products/gi-decking-sheet","Jordan","GI Decking Sheet - 45/150 and 75/305","GI Decking Sheet - 45/150 and 75/305 Supplier for Jordan","GI Decking Sheet - 45/150 and 75/305 Supplier Jordan","64","Jordan GI Decking Sheet - 45/150 and 75/305 supply enquiries. State Profile, thickness, length, quantity, approved-equivalent rules, documents.","143","GI Decking Sheet - 45/150 and 75/305 supplier Jordan","GI Decking Sheet - 45/150 and 75/305 Jordan | 45/150 decking sheet Jordan | 75/305 decking sheet Jordan | metal deck sheet Jordan | Galvanized Steel supplier Jordan"
"country-product","/countries/jordan/products/shear-studs","Jordan","Shear Studs","Shear Studs Supplier for Jordan","Shear Studs Supplier Jordan | Deck Shear Connectors","63","Jordan Shear Studs supply enquiries. State Stud diameter, height, deck profile and drawing reference, quantity, approved-equivalent rules, documents.","149","Shear Studs supplier Jordan","Shear Studs Jordan | shear connectors Jordan | deck shear studs Jordan | headed studs Jordan | Galvanized Steel supplier Jordan"
"country-product","/countries/jordan/products/c-purlins","Jordan","C Purlins","C Purlins Supplier for Jordan","C Purlins Supplier Jordan | Galvanized C Purlins","60","Jordan C Purlins supply enquiries. State Section size, thickness, length, quantity, approved-equivalent rules, documents and delivery location.","143","C Purlins supplier Jordan","C Purlins Jordan | galvanized C purlins Jordan | C channel purlins Jordan | roof purlins Jordan | Galvanized Steel supplier Jordan"
"country-product","/countries/jordan/products/z-purlins","Jordan","Z Purlins","Z Purlins Supplier for Jordan","Z Purlins Supplier Jordan | Galvanized Z Purlins","60","Jordan Z Purlins supply enquiries. State Section size, thickness, length, quantity, approved-equivalent rules, documents and delivery location.","143","Z Purlins supplier Jordan","Z Purlins Jordan | galvanized Z purlins Jordan | Z section purlins Jordan | roof purlins Jordan | Galvanized Steel supplier Jordan"
"country-product","/countries/jordan/products/drywall-partition-systems","Jordan","Dry Wall Partition Systems","Dry Wall Partition Systems Supplier for Jordan","Drywall Systems Supplier Jordan | GI Stud & Track","61","Jordan Drywall Systems supply enquiries. State Gauge, profile, quantity, approved-equivalent rules, documents and delivery location.","132","Drywall Systems supplier Jordan","Dry Wall Partition Systems Jordan | GI studs and tracks Jordan | drywall metal framing Jordan | partition profiles Jordan | Galvanized Steel supplier Jordan"
"country-product","/countries/jordan/products/strut-track","Jordan","Strut & Track","Strut & Track Supplier for Jordan","Strut & Track Supplier Jordan | MEP Strut Channels","62","Jordan Strut & Track supply enquiries. State Channel size, finish, length, quantity, approved-equivalent rules, documents and delivery location.","144","Strut & Track supplier Jordan","Strut & Track Jordan | strut channels Jordan | support channels Jordan | MEP strut systems Jordan | Galvanized Steel supplier Jordan"
"country-product","/countries/jordan/products/gi-pipe","Jordan","GI Pipe","GI Pipe Supplier for Jordan","GI Pipe Supplier Jordan | Galvanized Steel Pipe","59","Jordan GI Pipe supply enquiries. State Diameter, wall thickness, length, quantity, approved-equivalent rules, documents and delivery location.","142","GI Pipe supplier Jordan","GI Pipe Jordan | galvanized steel pipe Jordan | GI tubes Jordan | galvanized pipe Jordan | Galvanized Steel supplier Jordan"
"country-product","/countries/jordan/products/aluminium-coil","Jordan","Aluminium Coil","Aluminium Coil Supplier for Jordan","Aluminium Coil Supplier Jordan | Aluminium Sheet Coil","65","Jordan Aluminium Coil supply enquiries. State Alloy, thickness, width, quantity, approved-equivalent rules, documents and delivery location.","140","Aluminium Coil supplier Jordan","Aluminium Coil Jordan | aluminium coils Jordan | aluminium sheet coil Jordan | roofing aluminium coil Jordan | Aluminium supplier Jordan"
"country-product","/countries/jordan/products/aluminium-plain-sheet","Jordan","Aluminium Plain Sheet","Aluminium Plain Sheet Supplier for Jordan","Aluminium Plain Sheet Supplier Jordan","49","Jordan Aluminium Plain Sheet supply enquiries. State Alloy, thickness, sheet size, quantity, approved-equivalent rules, documents and delivery location.","152","Aluminium Plain Sheet supplier Jordan","Aluminium Plain Sheet Jordan | aluminium sheet Jordan | plain aluminium sheets Jordan | aluminium plate sheet Jordan | Aluminium supplier Jordan"
"country-product","/countries/jordan/products/pre-painted-aluminium-coils","Jordan","Pre-painted Aluminium Coils","Pre-painted Aluminium Coils Supplier for Jordan","Pre-Painted Aluminium Coil Supplier Jordan","54","Jordan Pre-Painted Aluminium Coil supply enquiries. State Colour/RAL, alloy, thickness, quantity, approved-equivalent rules, documents and delivery.","148","Pre-Painted Aluminium Coil supplier Jordan","Pre-painted Aluminium Coils Jordan | colour coated aluminium coil Jordan | prepainted aluminium coil Jordan | coated aluminium Jordan | Aluminium supplier Jordan"
"country-product","/countries/jordan/products/pfmb-psmr-aluminium-alloy-3003-h14-coils","Jordan","PFMB/PSMR Aluminium Alloy 3003-H14 Coils","PFMB/PSMR Aluminium Alloy 3003-H14 Coils Supplier for Jordan","PFMB/PSMR 3003-H14 Aluminium Coils Supplier Jordan","62","Jordan PFMB/PSMR 3003-H14 Aluminium Coils supply enquiries. State Alloy, coating type, micron, quantity, approved-equivalent rules, documents.","142","PFMB/PSMR 3003-H14 Aluminium Coils supplier Jordan","PFMB/PSMR Aluminium Alloy 3003-H14 Coils Jordan | 3003-H14 aluminium coil Jordan | PSMR 75 micron coating Jordan | coated aluminium coil Jordan | Aluminium supplier Jordan"